id,password,is_superuser,username,is_staff,is_active,user_type,first_name,last_name,nick_name
901,pbkdf2_sha256$390000$hpwrNnIUu0wnhFayN576dC$nKOM+cqeklYn6AlJRQauMHPhpAsJz9pevNl3zClsQeg=,FALSE,G1,FALSE,TRUE,oc,G1,G1,
902,pbkdf2_sha256$390000$Q64jv4mxpuotZvxD2ER5sV$lbX3MPTqp7hvq5d5PyjB30GJMGYfMEHpWzDjWMwCdrg=,FALSE,G2,FALSE,TRUE,oc,G2,G2,
903,pbkdf2_sha256$390000$lHesj9pBO0lh2kErKpnGhu$syvql4/ZqZpKjNpDM7jVwUPaZQDaPWVRz33CBPsOEPM=,FALSE,G3,FALSE,TRUE,oc,G3,G3,
904,pbkdf2_sha256$390000$kBolhJyoNDegkpnt2Z3M8V$bCbswGXOMTQOAcLMM7wJQAukW9vga2Edtlq9uFxWaYc=,FALSE,G4,FALSE,TRUE,oc,G4,G4,
905,pbkdf2_sha256$390000$SeN8P0Zlpg9szZVFl6n9La$yBFxnUFnFqJSG7KoKuDgIIC3PuNvR6qn5tRuN9SVOM0=,FALSE,G5,FALSE,TRUE,oc,G5,G5,
906,pbkdf2_sha256$390000$MP7d1OGiRy1He4uctUnOOq$Z5rBUHs8rXSjxUmjTSW1dSORAnLEVS1YXXo4RCP3JJ0=,FALSE,G6,FALSE,TRUE,oc,G6,G6,
907,pbkdf2_sha256$390000$jLmA6r1XZjLCplARvxl4hw$YIGinvsEqwj8QCVO4/6NUca9Z0IQhREjzE4JrIZJT/A=,FALSE,G7,FALSE,TRUE,oc,G7,G7,
908,pbkdf2_sha256$390000$BOfg32rqGtjTs4EWBJw9ty$RP02VkB+ZZqo/RIcNlMkWXCe61cB0L5tH67CH13J4vM=,FALSE,G8,FALSE,TRUE,oc,G8,G8,
909,pbkdf2_sha256$390000$u3Kc99dTckLPIw7b4u0UoS$qoSv77eY9LO7k1pMDTsQUJwU4wLvzlcr2tY+QbvRcCc=,FALSE,S1,FALSE,TRUE,oc,S1,S1,
910,pbkdf2_sha256$390000$3LQsIyHQwsrksJICyS4q0I$rLpysi2M1fqzpIxUJvtciEL0peZF7YeLvIapHxtZ7ws=,FALSE,S2,FALSE,TRUE,oc,S2,S2,
911,pbkdf2_sha256$390000$2LRG8NjcZZp0foWxT2CLnI$dW8yTxpsUDTKRNXw5QnAL2fYmsmvJEn9eqDG74ixAE8=,FALSE,W1,FALSE,TRUE,oc,W1,W1,
912,pbkdf2_sha256$390000$afB2NlOzlnJa8ues4n7Uz3$aJ1OgVz1gfta/VEO9vc48Kcyk9sLIbrb7pRqU7ypgPQ=,FALSE,W2,FALSE,TRUE,oc,W2,W2,
913,pbkdf2_sha256$390000$3HxjkQ9agATUMrVYznlwB5$a/3pB2g36wMmE+PsSXeNrHT4QcuG2RTdWps6gQPoFmo=,FALSE,W3,TRUE,TRUE,oc,W3,W3,
914,pbkdf2_sha256$390000$j9G952iVzttwUQ0uoNDZFW$cr7k+jmz/gFdGSYdv43zrxLiMWwEGOTH/5BUnc7FaDs=,FALSE,W4,FALSE,TRUE,oc,W4,W4,
915,pbkdf2_sha256$390000$tISCrWP6ACR1c7lsRDz6YZ$mbFPcgI27kLbUofwVozypGmi7ccb4JW0gPrlCRbEo4A=,FALSE,W5,FALSE,TRUE,oc,W5,W5,
916,pbkdf2_sha256$390000$TGsUpUA7UN5EeMZfJIcIYb$N+fo6Brgt1dxBwRPH9GA+1yBNNNi+5ofM9qArHqpXnE=,FALSE,W6,FALSE,TRUE,oc,W6,W6,
917,pbkdf2_sha256$390000$A7KTHDitrDI7i4qRHRcieu$vVvIP3Sd5gwM/QrZeVEduAhQY7ZTZJRMfpnccYxp/J8=,FALSE,W7,FALSE,TRUE,oc,W7,W7,
918,pbkdf2_sha256$390000$VaTBzxdol1a6srolTNSzuS$2Oo3c90mDfDqH97MvToGq/bPMJDdNNk6FChakb+26YM=,FALSE,W8,FALSE,TRUE,oc,W8,W8,
919,pbkdf2_sha256$390000$LR2NGEg5zb3fa3VtoriOAP$J8/SxLNjzpeKqZMxgpEepgydj4a2tsiSxH/RYc4GDLA=,FALSE,W9,FALSE,TRUE,oc,W9,W9,
920,pbkdf2_sha256$390000$T9yL91vQMWX5N85Egn0IoI$EmPhnQGQtUyJT+rgibQ55erP+sQui9LPyCORMGEWFkw=,FALSE,W10,FALSE,TRUE,oc,W10,W10,
921,pbkdf2_sha256$390000$tWGYo0xt6PJIT1XtpXJu8u$V6XKdQOypPiZC7b4rBL+jW3Zyoh/JgYceXnZzT1zJo4=,FALSE,E1,FALSE,TRUE,oc,E1,E1,
922,pbkdf2_sha256$390000$M84yT146LJ6znM814dkR6a$Ms0vn2ek+lebr+3u5xDSmE6GvrJVkXOtoaB1XT1hLag=,FALSE,E2,FALSE,TRUE,oc,E2,E2,
923,pbkdf2_sha256$390000$dekiemxXFVW0EakQgqhLNG$podbey7nbI/2bYV4x+KfiJpgGn9TZ87zRP9Rt/GlnCA=,FALSE,E3,FALSE,TRUE,oc,E3,E3,
924,pbkdf2_sha256$390000$HpNlrKCaMpOvZx9shysHiv$g3+QTbUZ0c6/XFzY5aYFh+4aXQFVc2zyUmxdvCchdiM=,FALSE,E4,FALSE,TRUE,oc,E4,E4,
925,pbkdf2_sha256$390000$vMBP1Of5QZVDMN3ZrRommW$nE7thnyLjE1U91MyL4ao3aSVT59XijQaw2Jr9RBBZOo=,FALSE,E5,FALSE,TRUE,oc,E5,E5,
926,pbkdf2_sha256$390000$MD5GbM5Tq7pfYQF92Wgzv3$+pHSj5iM+kLylpaT+mUrVunH9hs/UvGjWx+X/NVb7B4=,FALSE,E6,FALSE,TRUE,oc,E6,E6,
927,pbkdf2_sha256$390000$Em4gisGKjmdh9LSjA119CH$xbmCNoPtcuJ+E7vHC62ZTp5eT44Y41EpPbe0JkwQ31k=,FALSE,C1,FALSE,TRUE,oc,C1,C1,
928,pbkdf2_sha256$390000$ygkqSnIEoUGsNnbhpfRGBZ$DC5K177kxtgwp04dHAnMABnL3OxMvgTNu5SmT7i22ok=,FALSE,C2,FALSE,TRUE,oc,C2,C2,
929,pbkdf2_sha256$390000$VPDXlp6kM6KXncLHkZEJEL$iwYRdy8nAmPjmOpM8RU+30L0qtyrFh/ht8aPFvhrkbM=,FALSE,C3,FALSE,TRUE,oc,C3,C3,
930,pbkdf2_sha256$390000$yQC7c7e9RZRczS62f1wUHT$1tQoPOCWwGCXAOexsPnOgVIeLetOPdoOF4XdyrTWFWk=,FALSE,C4,FALSE,TRUE,oc,C4,C4,
931,pbkdf2_sha256$390000$GRoLnIkLjrHfhgCcIbJpqe$9A+q3nlP7tBowoiRZXnrNI/C2At2OWNlkmO9PND0zMQ=,FALSE,C5,FALSE,TRUE,oc,C5,C5,
932,pbkdf2_sha256$390000$syNksNhNfbuVlMjdeN2HWA$tK+uIMQuukSEkLPHyhMZ0InpoP78+x6dnD9nS9NaHOk=,FALSE,C6,FALSE,TRUE,oc,C6,C6,
933,pbkdf2_sha256$390000$6i8UD1WTVgK2zrDrSUK1kd$L9Lb5pq59V4z8kVk5tva3eA3A3x2ga6+S/dc2oxwx4M=,FALSE,C7,FALSE,TRUE,oc,C7,C7,
934,pbkdf2_sha256$390000$Idwo0Ivdy6LiAq2cdG0YS7$rxixOFkVll1w5k1Nj0UXDUO5q5Xpzbk3/mES4bbcooc=,FALSE,C8,FALSE,TRUE,oc,C8,C8,
935,pbkdf2_sha256$390000$oza14rZrGxNgFBmrQT6LL8$j+QRmLLzs6F/la0OZAG+sm858NS1twBuaBO0aojHfZ0=,FALSE,C9,FALSE,TRUE,oc,C9,C9,
936,pbkdf2_sha256$390000$K4gzQp5UTnrCBPW6z6IC4G$rEj1quVEs3kl+HNYphdUG+tItgviossFWoSNJPdfMkQ=,FALSE,C10,FALSE,TRUE,oc,C10,C10,
937,pbkdf2_sha256$390000$XRicKFcuB8dh2Sck8yUNr4$mQTp0scsSCHSNqBuNwUZzmWByapKcc/YTdCAkG2RXXs=,FALSE,R1,FALSE,TRUE,oc,R1,R1,
938,pbkdf2_sha256$390000$Tr4oLpulHJMw4kzLjK9LVf$WK9HPD3whf+oOYHqnitIsaQuT/4e8epL2I93SPNkBwo=,FALSE,R2,FALSE,TRUE,oc,R2,R2,
939,pbkdf2_sha256$390000$4K2XFCIJy9vBH6yIQEm0bu$jw6JAol5HXdPB5thg1IQa9OzrxPRW6zrTTZghRhNLps=,FALSE,R3,FALSE,TRUE,oc,R3,R3,
940,pbkdf2_sha256$390000$q4Qgn4bzxuzbqx4kjZEllU$7ahlSTcDzIm3Az4UCkXZgDfZacJziV21mxjxNlAoz5g=,FALSE,R4,FALSE,TRUE,oc,R4,R4,
941,pbkdf2_sha256$390000$Rd0scfcAkVNSrZXBMvcreU$v+C2L91avAb0lQd8a4+xbwf6LQ5iywBqt/FB7sZdqu8=,FALSE,R5,FALSE,TRUE,oc,R5,R5,
942,pbkdf2_sha256$390000$Rd0scfcAkVNSrZXBMvcreU$v+C2L91avAb0lQd8a4+xbwf6LQ5iywBqt/FB7sZdqu8=,FALSE,Z1,FALSE,TRUE,oc,Z1,Z1,
943,pbkdf2_sha256$390000$Rd0scfcAkVNSrZXBMvcreU$v+C2L91avAb0lQd8a4+xbwf6LQ5iywBqt/FB7sZdqu8=,FALSE,Z2,FALSE,TRUE,oc,Z2,Z2,
944,pbkdf2_sha256$390000$Rd0scfcAkVNSrZXBMvcreU$v+C2L91avAb0lQd8a4+xbwf6LQ5iywBqt/FB7sZdqu8=,FALSE,Z3,FALSE,TRUE,oc,Z3,Z3,
945,pbkdf2_sha256$390000$Rd0scfcAkVNSrZXBMvcreU$v+C2L91avAb0lQd8a4+xbwf6LQ5iywBqt/FB7sZdqu8=,FALSE,Z4,FALSE,TRUE,oc,Z4,Z4,
946,pbkdf2_sha256$390000$Rd0scfcAkVNSrZXBMvcreU$v+C2L91avAb0lQd8a4+xbwf6LQ5iywBqt/FB7sZdqu8=,FALSE,Z5,FALSE,TRUE,oc,Z5,Z5,
947,pbkdf2_sha256$390000$Rd0scfcAkVNSrZXBMvcreU$v+C2L91avAb0lQd8a4+xbwf6LQ5iywBqt/FB7sZdqu8=,FALSE,Z6,FALSE,TRUE,oc,Z6,Z6,
948,pbkdf2_sha256$390000$Rd0scfcAkVNSrZXBMvcreU$v+C2L91avAb0lQd8a4+xbwf6LQ5iywBqt/FB7sZdqu8=,FALSE,Z7,FALSE,TRUE,oc,Z7,Z7,
101,pbkdf2_sha256$390000$Rd0scfcAkVNSrZXBMvcreU$v+C2L91avAb0lQd8a4+xbwf6LQ5iywBqt/FB7sZdqu8=,FALSE,student_101,FALSE,TRUE,student,Player,1,
102,pbkdf2_sha256$390000$Rd0scfcAkVNSrZXBMvcreU$v+C2L91avAb0lQd8a4+xbwf6LQ5iywBqt/FB7sZdqu8=,FALSE,student_102,FALSE,TRUE,student,Player,2,
103,pbkdf2_sha256$390000$Rd0scfcAkVNSrZXBMvcreU$v+C2L91avAb0lQd8a4+xbwf6LQ5iywBqt/FB7sZdqu8=,FALSE,student_103,FALSE,TRUE,student,Player,3,
104,pbkdf2_sha256$390000$Rd0scfcAkVNSrZXBMvcreU$v+C2L91avAb0lQd8a4+xbwf6LQ5iywBqt/FB7sZdqu8=,FALSE,student_104,FALSE,TRUE,student,Player,4,
105,pbkdf2_sha256$390000$Rd0scfcAkVNSrZXBMvcreU$v+C2L91avAb0lQd8a4+xbwf6LQ5iywBqt/FB7sZdqu8=,FALSE,student_105,FALSE,TRUE,student,Player,5,
106,pbkdf2_sha256$390000$Rd0scfcAkVNSrZXBMvcreU$v+C2L91avAb0lQd8a4+xbwf6LQ5iywBqt/FB7sZdqu8=,FALSE,student_106,FALSE,TRUE,student,Player,6,
107,pbkdf2_sha256$390000$Rd0scfcAkVNSrZXBMvcreU$v+C2L91avAb0lQd8a4+xbwf6LQ5iywBqt/FB7sZdqu8=,FALSE,student_107,FALSE,TRUE,student,Player,7,
108,pbkdf2_sha256$390000$Rd0scfcAkVNSrZXBMvcreU$v+C2L91avAb0lQd8a4+xbwf6LQ5iywBqt/FB7sZdqu8=,FALSE,student_108,FALSE,TRUE,student,Player,8,
109,pbkdf2_sha256$390000$Rd0scfcAkVNSrZXBMvcreU$v+C2L91avAb0lQd8a4+xbwf6LQ5iywBqt/FB7sZdqu8=,FALSE,student_109,FALSE,TRUE,student,Player,9,
110,pbkdf2_sha256$390000$Rd0scfcAkVNSrZXBMvcreU$v+C2L91avAb0lQd8a4+xbwf6LQ5iywBqt/FB7sZdqu8=,FALSE,student_110,FALSE,TRUE,student,Player,10,
111,pbkdf2_sha256$390000$Rd0scfcAkVNSrZXBMvcreU$v+C2L91avAb0lQd8a4+xbwf6LQ5iywBqt/FB7sZdqu8=,FALSE,student_111,FALSE,TRUE,student,Player,11,
112,pbkdf2_sha256$390000$Rd0scfcAkVNSrZXBMvcreU$v+C2L91avAb0lQd8a4+xbwf6LQ5iywBqt/FB7sZdqu8=,FALSE,student_112,FALSE,TRUE,student,Player,12,
113,pbkdf2_sha256$390000$Rd0scfcAkVNSrZXBMvcreU$v+C2L91avAb0lQd8a4+xbwf6LQ5iywBqt/FB7sZdqu8=,FALSE,student_113,FALSE,TRUE,student,Player,13,
114,pbkdf2_sha256$390000$Rd0scfcAkVNSrZXBMvcreU$v+C2L91avAb0lQd8a4+xbwf6LQ5iywBqt/FB7sZdqu8=,FALSE,student_114,FALSE,TRUE,student,Player,14,
115,pbkdf2_sha256$390000$Rd0scfcAkVNSrZXBMvcreU$v+C2L91avAb0lQd8a4+xbwf6LQ5iywBqt/FB7sZdqu8=,FALSE,student_115,FALSE,TRUE,student,Player,15,
116,pbkdf2_sha256$390000$Rd0scfcAkVNSrZXBMvcreU$v+C2L91avAb0lQd8a4+xbwf6LQ5iywBqt/FB7sZdqu8=,FALSE,student_116,FALSE,TRUE,student,Player,16,
117,pbkdf2_sha256$390000$Rd0scfcAkVNSrZXBMvcreU$v+C2L91avAb0lQd8a4+xbwf6LQ5iywBqt/FB7sZdqu8=,FALSE,student_117,FALSE,TRUE,student,Player,17,
118,pbkdf2_sha256$390000$Rd0scfcAkVNSrZXBMvcreU$v+C2L91avAb0lQd8a4+xbwf6LQ5iywBqt/FB7sZdqu8=,FALSE,student_118,FALSE,TRUE,student,Player,18,
119,pbkdf2_sha256$390000$Rd0scfcAkVNSrZXBMvcreU$v+C2L91avAb0lQd8a4+xbwf6LQ5iywBqt/FB7sZdqu8=,FALSE,student_119,FALSE,TRUE,student,Player,19,
120,pbkdf2_sha256$390000$Rd0scfcAkVNSrZXBMvcreU$v+C2L91avAb0lQd8a4+xbwf6LQ5iywBqt/FB7sZdqu8=,FALSE,student_120,FALSE,TRUE,student,Player,20,
121,pbkdf2_sha256$390000$Rd0scfcAkVNSrZXBMvcreU$v+C2L91avAb0lQd8a4+xbwf6LQ5iywBqt/FB7sZdqu8=,FALSE,student_121,FALSE,TRUE,student,Player,21,
122,pbkdf2_sha256$390000$Rd0scfcAkVNSrZXBMvcreU$v+C2L91avAb0lQd8a4+xbwf6LQ5iywBqt/FB7sZdqu8=,FALSE,student_122,FALSE,TRUE,student,Player,22,
123,pbkdf2_sha256$390000$Rd0scfcAkVNSrZXBMvcreU$v+C2L91avAb0lQd8a4+xbwf6LQ5iywBqt/FB7sZdqu8=,FALSE,student_123,FALSE,TRUE,student,Player,23,
124,pbkdf2_sha256$390000$Rd0scfcAkVNSrZXBMvcreU$v+C2L91avAb0lQd8a4+xbwf6LQ5iywBqt/FB7sZdqu8=,FALSE,student_124,FALSE,TRUE,student,Player,24,
125,pbkdf2_sha256$390000$Rd0scfcAkVNSrZXBMvcreU$v+C2L91avAb0lQd8a4+xbwf6LQ5iywBqt/FB7sZdqu8=,FALSE,student_125,FALSE,TRUE,student,Player,25,
126,pbkdf2_sha256$390000$Rd0scfcAkVNSrZXBMvcreU$v+C2L91avAb0lQd8a4+xbwf6LQ5iywBqt/FB7sZdqu8=,FALSE,student_126,FALSE,TRUE,student,Player,26,
127,pbkdf2_sha256$390000$Rd0scfcAkVNSrZXBMvcreU$v+C2L91avAb0lQd8a4+xbwf6LQ5iywBqt/FB7sZdqu8=,FALSE,student_127,FALSE,TRUE,student,Player,27,
128,pbkdf2_sha256$390000$Rd0scfcAkVNSrZXBMvcreU$v+C2L91avAb0lQd8a4+xbwf6LQ5iywBqt/FB7sZdqu8=,FALSE,student_128,FALSE,TRUE,student,Player,28,
129,pbkdf2_sha256$390000$Rd0scfcAkVNSrZXBMvcreU$v+C2L91avAb0lQd8a4+xbwf6LQ5iywBqt/FB7sZdqu8=,FALSE,student_129,FALSE,TRUE,student,Player,29,
130,pbkdf2_sha256$390000$Rd0scfcAkVNSrZXBMvcreU$v+C2L91avAb0lQd8a4+xbwf6LQ5iywBqt/FB7sZdqu8=,FALSE,student_130,FALSE,TRUE,student,Player,30,
131,pbkdf2_sha256$390000$Rd0scfcAkVNSrZXBMvcreU$v+C2L91avAb0lQd8a4+xbwf6LQ5iywBqt/FB7sZdqu8=,FALSE,student_131,FALSE,TRUE,student,Player,31,
132,pbkdf2_sha256$390000$Rd0scfcAkVNSrZXBMvcreU$v+C2L91avAb0lQd8a4+xbwf6LQ5iywBqt/FB7sZdqu8=,FALSE,student_132,FALSE,TRUE,student,Player,32,
133,pbkdf2_sha256$390000$Rd0scfcAkVNSrZXBMvcreU$v+C2L91avAb0lQd8a4+xbwf6LQ5iywBqt/FB7sZdqu8=,FALSE,student_133,FALSE,TRUE,student,Player,33,
134,pbkdf2_sha256$390000$Rd0scfcAkVNSrZXBMvcreU$v+C2L91avAb0lQd8a4+xbwf6LQ5iywBqt/FB7sZdqu8=,FALSE,student_134,FALSE,TRUE,student,Player,34,
135,pbkdf2_sha256$390000$Rd0scfcAkVNSrZXBMvcreU$v+C2L91avAb0lQd8a4+xbwf6LQ5iywBqt/FB7sZdqu8=,FALSE,student_135,FALSE,TRUE,student,Player,35,
136,pbkdf2_sha256$390000$Rd0scfcAkVNSrZXBMvcreU$v+C2L91avAb0lQd8a4+xbwf6LQ5iywBqt/FB7sZdqu8=,FALSE,student_136,FALSE,TRUE,student,Player,36,
137,pbkdf2_sha256$390000$Rd0scfcAkVNSrZXBMvcreU$v+C2L91avAb0lQd8a4+xbwf6LQ5iywBqt/FB7sZdqu8=,FALSE,student_137,FALSE,TRUE,student,Player,37,
138,pbkdf2_sha256$390000$Rd0scfcAkVNSrZXBMvcreU$v+C2L91avAb0lQd8a4+xbwf6LQ5iywBqt/FB7sZdqu8=,FALSE,student_138,FALSE,TRUE,student,Player,38,
139,pbkdf2_sha256$390000$Rd0scfcAkVNSrZXBMvcreU$v+C2L91avAb0lQd8a4+xbwf6LQ5iywBqt/FB7sZdqu8=,FALSE,student_139,FALSE,TRUE,student,Player,39,
140,pbkdf2_sha256$390000$Rd0scfcAkVNSrZXBMvcreU$v+C2L91avAb0lQd8a4+xbwf6LQ5iywBqt/FB7sZdqu8=,FALSE,student_140,FALSE,TRUE,student,Player,40,
141,pbkdf2_sha256$390000$Rd0scfcAkVNSrZXBMvcreU$v+C2L91avAb0lQd8a4+xbwf6LQ5iywBqt/FB7sZdqu8=,FALSE,student_141,FALSE,TRUE,student,Player,41,
142,pbkdf2_sha256$390000$Rd0scfcAkVNSrZXBMvcreU$v+C2L91avAb0lQd8a4+xbwf6LQ5iywBqt/FB7sZdqu8=,FALSE,student_142,FALSE,TRUE,student,Player,42,
143,pbkdf2_sha256$390000$Rd0scfcAkVNSrZXBMvcreU$v+C2L91avAb0lQd8a4+xbwf6LQ5iywBqt/FB7sZdqu8=,FALSE,student_143,FALSE,TRUE,student,Player,43,
144,pbkdf2_sha256$390000$Rd0scfcAkVNSrZXBMvcreU$v+C2L91avAb0lQd8a4+xbwf6LQ5iywBqt/FB7sZdqu8=,FALSE,student_144,FALSE,TRUE,student,Player,44,
145,pbkdf2_sha256$390000$Rd0scfcAkVNSrZXBMvcreU$v+C2L91avAb0lQd8a4+xbwf6LQ5iywBqt/FB7sZdqu8=,FALSE,student_145,FALSE,TRUE,student,Player,45,
146,pbkdf2_sha256$390000$Rd0scfcAkVNSrZXBMvcreU$v+C2L91avAb0lQd8a4+xbwf6LQ5iywBqt/FB7sZdqu8=,FALSE,student_146,FALSE,TRUE,student,Player,46,
147,pbkdf2_sha256$390000$Rd0scfcAkVNSrZXBMvcreU$v+C2L91avAb0lQd8a4+xbwf6LQ5iywBqt/FB7sZdqu8=,FALSE,student_147,FALSE,TRUE,student,Player,47,
148,pbkdf2_sha256$390000$Rd0scfcAkVNSrZXBMvcreU$v+C2L91avAb0lQd8a4+xbwf6LQ5iywBqt/FB7sZdqu8=,FALSE,student_148,FALSE,TRUE,student,Player,48,
149,pbkdf2_sha256$390000$Rd0scfcAkVNSrZXBMvcreU$v+C2L91avAb0lQd8a4+xbwf6LQ5iywBqt/FB7sZdqu8=,FALSE,student_149,FALSE,TRUE,student,Player,49,
150,pbkdf2_sha256$390000$Rd0scfcAkVNSrZXBMvcreU$v+C2L91avAb0lQd8a4+xbwf6LQ5iywBqt/FB7sZdqu8=,FALSE,student_150,FALSE,TRUE,student,Player,50,
151,pbkdf2_sha256$390000$Rd0scfcAkVNSrZXBMvcreU$v+C2L91avAb0lQd8a4+xbwf6LQ5iywBqt/FB7sZdqu8=,FALSE,student_151,FALSE,TRUE,student,Player,51,
152,pbkdf2_sha256$390000$Rd0scfcAkVNSrZXBMvcreU$v+C2L91avAb0lQd8a4+xbwf6LQ5iywBqt/FB7sZdqu8=,FALSE,student_152,FALSE,TRUE,student,Player,52,
153,pbkdf2_sha256$390000$Rd0scfcAkVNSrZXBMvcreU$v+C2L91avAb0lQd8a4+xbwf6LQ5iywBqt/FB7sZdqu8=,FALSE,student_153,FALSE,TRUE,student,Player,53,
154,pbkdf2_sha256$390000$Rd0scfcAkVNSrZXBMvcreU$v+C2L91avAb0lQd8a4+xbwf6LQ5iywBqt/FB7sZdqu8=,FALSE,student_154,FALSE,TRUE,student,Player,54,
155,pbkdf2_sha256$390000$Rd0scfcAkVNSrZXBMvcreU$v+C2L91avAb0lQd8a4+xbwf6LQ5iywBqt/FB7sZdqu8=,FALSE,student_155,FALSE,TRUE,student,Player,55,
156,pbkdf2_sha256$390000$Rd0scfcAkVNSrZXBMvcreU$v+C2L91avAb0lQd8a4+xbwf6LQ5iywBqt/FB7sZdqu8=,FALSE,student_156,FALSE,TRUE,student,Player,56,
157,pbkdf2_sha256$390000$Rd0scfcAkVNSrZXBMvcreU$v+C2L91avAb0lQd8a4+xbwf6LQ5iywBqt/FB7sZdqu8=,FALSE,student_157,FALSE,TRUE,student,Player,57,
158,pbkdf2_sha256$390000$Rd0scfcAkVNSrZXBMvcreU$v+C2L91avAb0lQd8a4+xbwf6LQ5iywBqt/FB7sZdqu8=,FALSE,student_158,FALSE,TRUE,student,Player,58,
159,pbkdf2_sha256$390000$Rd0scfcAkVNSrZXBMvcreU$v+C2L91avAb0lQd8a4+xbwf6LQ5iywBqt/FB7sZdqu8=,FALSE,student_159,FALSE,TRUE,student,Player,59,
160,pbkdf2_sha256$390000$Rd0scfcAkVNSrZXBMvcreU$v+C2L91avAb0lQd8a4+xbwf6LQ5iywBqt/FB7sZdqu8=,FALSE,student_160,FALSE,TRUE,student,Player,60,
161,pbkdf2_sha256$390000$Rd0scfcAkVNSrZXBMvcreU$v+C2L91avAb0lQd8a4+xbwf6LQ5iywBqt/FB7sZdqu8=,FALSE,student_161,FALSE,TRUE,student,Player,61,
162,pbkdf2_sha256$390000$Rd0scfcAkVNSrZXBMvcreU$v+C2L91avAb0lQd8a4+xbwf6LQ5iywBqt/FB7sZdqu8=,FALSE,student_162,FALSE,TRUE,student,Player,62,
163,pbkdf2_sha256$390000$Rd0scfcAkVNSrZXBMvcreU$v+C2L91avAb0lQd8a4+xbwf6LQ5iywBqt/FB7sZdqu8=,FALSE,student_163,FALSE,TRUE,student,Player,63,
164,pbkdf2_sha256$390000$Rd0scfcAkVNSrZXBMvcreU$v+C2L91avAb0lQd8a4+xbwf6LQ5iywBqt/FB7sZdqu8=,FALSE,student_164,FALSE,TRUE,student,Player,64,
165,pbkdf2_sha256$390000$Rd0scfcAkVNSrZXBMvcreU$v+C2L91avAb0lQd8a4+xbwf6LQ5iywBqt/FB7sZdqu8=,FALSE,student_165,FALSE,TRUE,student,Player,65,
166,pbkdf2_sha256$390000$Rd0scfcAkVNSrZXBMvcreU$v+C2L91avAb0lQd8a4+xbwf6LQ5iywBqt/FB7sZdqu8=,FALSE,student_166,FALSE,TRUE,student,Player,66,
167,pbkdf2_sha256$390000$Rd0scfcAkVNSrZXBMvcreU$v+C2L91avAb0lQd8a4+xbwf6LQ5iywBqt/FB7sZdqu8=,FALSE,student_167,FALSE,TRUE,student,Player,67,
168,pbkdf2_sha256$390000$Rd0scfcAkVNSrZXBMvcreU$v+C2L91avAb0lQd8a4+xbwf6LQ5iywBqt/FB7sZdqu8=,FALSE,student_168,FALSE,TRUE,student,Player,68,
169,pbkdf2_sha256$390000$Rd0scfcAkVNSrZXBMvcreU$v+C2L91avAb0lQd8a4+xbwf6LQ5iywBqt/FB7sZdqu8=,FALSE,student_169,FALSE,TRUE,student,Player,69,
170,pbkdf2_sha256$390000$Rd0scfcAkVNSrZXBMvcreU$v+C2L91avAb0lQd8a4+xbwf6LQ5iywBqt/FB7sZdqu8=,FALSE,student_170,FALSE,TRUE,student,Player,70,
171,pbkdf2_sha256$390000$Rd0scfcAkVNSrZXBMvcreU$v+C2L91avAb0lQd8a4+xbwf6LQ5iywBqt/FB7sZdqu8=,FALSE,student_171,FALSE,TRUE,student,Player,71,
172,pbkdf2_sha256$390000$Rd0scfcAkVNSrZXBMvcreU$v+C2L91avAb0lQd8a4+xbwf6LQ5iywBqt/FB7sZdqu8=,FALSE,student_172,FALSE,TRUE,student,Player,72,
173,pbkdf2_sha256$390000$Rd0scfcAkVNSrZXBMvcreU$v+C2L91avAb0lQd8a4+xbwf6LQ5iywBqt/FB7sZdqu8=,FALSE,student_173,FALSE,TRUE,student,Player,73,
174,pbkdf2_sha256$390000$Rd0scfcAkVNSrZXBMvcreU$v+C2L91avAb0lQd8a4+xbwf6LQ5iywBqt/FB7sZdqu8=,FALSE,student_174,FALSE,TRUE,student,Player,74,
175,pbkdf2_sha256$390000$Rd0scfcAkVNSrZXBMvcreU$v+C2L91avAb0lQd8a4+xbwf6LQ5iywBqt/FB7sZdqu8=,FALSE,student_175,FALSE,TRUE,student,Player,75,
176,pbkdf2_sha256$390000$Rd0scfcAkVNSrZXBMvcreU$v+C2L91avAb0lQd8a4+xbwf6LQ5iywBqt/FB7sZdqu8=,FALSE,student_176,FALSE,TRUE,student,Player,76,
177,pbkdf2_sha256$390000$Rd0scfcAkVNSrZXBMvcreU$v+C2L91avAb0lQd8a4+xbwf6LQ5iywBqt/FB7sZdqu8=,FALSE,student_177,FALSE,TRUE,student,Player,77,
178,pbkdf2_sha256$390000$Rd0scfcAkVNSrZXBMvcreU$v+C2L91avAb0lQd8a4+xbwf6LQ5iywBqt/FB7sZdqu8=,FALSE,student_178,FALSE,TRUE,student,Player,78,
179,pbkdf2_sha256$390000$Rd0scfcAkVNSrZXBMvcreU$v+C2L91avAb0lQd8a4+xbwf6LQ5iywBqt/FB7sZdqu8=,FALSE,student_179,FALSE,TRUE,student,Player,79,
180,pbkdf2_sha256$390000$Rd0scfcAkVNSrZXBMvcreU$v+C2L91avAb0lQd8a4+xbwf6LQ5iywBqt/FB7sZdqu8=,FALSE,student_180,FALSE,TRUE,student,Player,80,
181,pbkdf2_sha256$390000$Rd0scfcAkVNSrZXBMvcreU$v+C2L91avAb0lQd8a4+xbwf6LQ5iywBqt/FB7sZdqu8=,FALSE,student_181,FALSE,TRUE,student,Player,81,
182,pbkdf2_sha256$390000$Rd0scfcAkVNSrZXBMvcreU$v+C2L91avAb0lQd8a4+xbwf6LQ5iywBqt/FB7sZdqu8=,FALSE,student_182,FALSE,TRUE,student,Player,82,
183,pbkdf2_sha256$390000$Rd0scfcAkVNSrZXBMvcreU$v+C2L91avAb0lQd8a4+xbwf6LQ5iywBqt/FB7sZdqu8=,FALSE,student_183,FALSE,TRUE,student,Player,83,
184,pbkdf2_sha256$390000$Rd0scfcAkVNSrZXBMvcreU$v+C2L91avAb0lQd8a4+xbwf6LQ5iywBqt/FB7sZdqu8=,FALSE,student_184,FALSE,TRUE,student,Player,84,
185,pbkdf2_sha256$390000$Rd0scfcAkVNSrZXBMvcreU$v+C2L91avAb0lQd8a4+xbwf6LQ5iywBqt/FB7sZdqu8=,FALSE,student_185,FALSE,TRUE,student,Player,85,
186,pbkdf2_sha256$390000$Rd0scfcAkVNSrZXBMvcreU$v+C2L91avAb0lQd8a4+xbwf6LQ5iywBqt/FB7sZdqu8=,FALSE,student_186,FALSE,TRUE,student,Player,86,
187,pbkdf2_sha256$390000$Rd0scfcAkVNSrZXBMvcreU$v+C2L91avAb0lQd8a4+xbwf6LQ5iywBqt/FB7sZdqu8=,FALSE,student_187,FALSE,TRUE,student,Player,87,
188,pbkdf2_sha256$390000$Rd0scfcAkVNSrZXBMvcreU$v+C2L91avAb0lQd8a4+xbwf6LQ5iywBqt/FB7sZdqu8=,FALSE,student_188,FALSE,TRUE,student,Player,88,
189,pbkdf2_sha256$390000$Rd0scfcAkVNSrZXBMvcreU$v+C2L91avAb0lQd8a4+xbwf6LQ5iywBqt/FB7sZdqu8=,FALSE,student_189,FALSE,TRUE,student,Player,89,
190,pbkdf2_sha256$390000$Rd0scfcAkVNSrZXBMvcreU$v+C2L91avAb0lQd8a4+xbwf6LQ5iywBqt/FB7sZdqu8=,FALSE,student_190,FALSE,TRUE,student,Player,90,
191,pbkdf2_sha256$390000$Rd0scfcAkVNSrZXBMvcreU$v+C2L91avAb0lQd8a4+xbwf6LQ5iywBqt/FB7sZdqu8=,FALSE,student_191,FALSE,TRUE,student,Player,91,
192,pbkdf2_sha256$390000$Rd0scfcAkVNSrZXBMvcreU$v+C2L91avAb0lQd8a4+xbwf6LQ5iywBqt/FB7sZdqu8=,FALSE,student_192,FALSE,TRUE,student,Player,92,
193,pbkdf2_sha256$390000$Rd0scfcAkVNSrZXBMvcreU$v+C2L91avAb0lQd8a4+xbwf6LQ5iywBqt/FB7sZdqu8=,FALSE,student_193,FALSE,TRUE,student,Player,93,
194,pbkdf2_sha256$390000$Rd0scfcAkVNSrZXBMvcreU$v+C2L91avAb0lQd8a4+xbwf6LQ5iywBqt/FB7sZdqu8=,FALSE,student_194,FALSE,TRUE,student,Player,94,
195,pbkdf2_sha256$390000$Rd0scfcAkVNSrZXBMvcreU$v+C2L91avAb0lQd8a4+xbwf6LQ5iywBqt/FB7sZdqu8=,FALSE,student_195,FALSE,TRUE,student,Player,95,
196,pbkdf2_sha256$390000$Rd0scfcAkVNSrZXBMvcreU$v+C2L91avAb0lQd8a4+xbwf6LQ5iywBqt/FB7sZdqu8=,FALSE,student_196,FALSE,TRUE,student,Player,96,
197,pbkdf2_sha256$390000$Rd0scfcAkVNSrZXBMvcreU$v+C2L91avAb0lQd8a4+xbwf6LQ5iywBqt/FB7sZdqu8=,FALSE,student_197,FALSE,TRUE,student,Player,97,
198,pbkdf2_sha256$390000$Rd0scfcAkVNSrZXBMvcreU$v+C2L91avAb0lQd8a4+xbwf6LQ5iywBqt/FB7sZdqu8=,FALSE,student_198,FALSE,TRUE,student,Player,98,
199,pbkdf2_sha256$390000$Rd0scfcAkVNSrZXBMvcreU$v+C2L91avAb0lQd8a4+xbwf6LQ5iywBqt/FB7sZdqu8=,FALSE,student_199,FALSE,TRUE,student,Player,99,
200,pbkdf2_sha256$390000$Rd0scfcAkVNSrZXBMvcreU$v+C2L91avAb0lQd8a4+xbwf6LQ5iywBqt/FB7sZdqu8=,FALSE,student_200,FALSE,TRUE,student,Player,100,
201,pbkdf2_sha256$390000$Rd0scfcAkVNSrZXBMvcreU$v+C2L91avAb0lQd8a4+xbwf6LQ5iywBqt/FB7sZdqu8=,FALSE,student_201,FALSE,TRUE,student,Player,101,
202,pbkdf2_sha256$390000$Rd0scfcAkVNSrZXBMvcreU$v+C2L91avAb0lQd8a4+xbwf6LQ5iywBqt/FB7sZdqu8=,FALSE,student_202,FALSE,TRUE,student,Player,102,
203,pbkdf2_sha256$390000$Rd0scfcAkVNSrZXBMvcreU$v+C2L91avAb0lQd8a4+xbwf6LQ5iywBqt/FB7sZdqu8=,FALSE,student_203,FALSE,TRUE,student,Player,103,
204,pbkdf2_sha256$390000$Rd0scfcAkVNSrZXBMvcreU$v+C2L91avAb0lQd8a4+xbwf6LQ5iywBqt/FB7sZdqu8=,FALSE,student_204,FALSE,TRUE,student,Player,104,
205,pbkdf2_sha256$390000$Rd0scfcAkVNSrZXBMvcreU$v+C2L91avAb0lQd8a4+xbwf6LQ5iywBqt/FB7sZdqu8=,FALSE,student_205,FALSE,TRUE,student,Player,105,
206,pbkdf2_sha256$390000$Rd0scfcAkVNSrZXBMvcreU$v+C2L91avAb0lQd8a4+xbwf6LQ5iywBqt/FB7sZdqu8=,FALSE,student_206,FALSE,TRUE,student,Player,106,
207,pbkdf2_sha256$390000$Rd0scfcAkVNSrZXBMvcreU$v+C2L91avAb0lQd8a4+xbwf6LQ5iywBqt/FB7sZdqu8=,FALSE,student_207,FALSE,TRUE,student,Player,107,
208,pbkdf2_sha256$390000$Rd0scfcAkVNSrZXBMvcreU$v+C2L91avAb0lQd8a4+xbwf6LQ5iywBqt/FB7sZdqu8=,FALSE,student_208,FALSE,TRUE,student,Player,108,
209,pbkdf2_sha256$390000$Rd0scfcAkVNSrZXBMvcreU$v+C2L91avAb0lQd8a4+xbwf6LQ5iywBqt/FB7sZdqu8=,FALSE,student_209,FALSE,TRUE,student,Player,109,
210,pbkdf2_sha256$390000$Rd0scfcAkVNSrZXBMvcreU$v+C2L91avAb0lQd8a4+xbwf6LQ5iywBqt/FB7sZdqu8=,FALSE,student_210,FALSE,TRUE,student,Player,110,
211,pbkdf2_sha256$390000$Rd0scfcAkVNSrZXBMvcreU$v+C2L91avAb0lQd8a4+xbwf6LQ5iywBqt/FB7sZdqu8=,FALSE,student_211,FALSE,TRUE,student,Player,111,
212,pbkdf2_sha256$390000$Rd0scfcAkVNSrZXBMvcreU$v+C2L91avAb0lQd8a4+xbwf6LQ5iywBqt/FB7sZdqu8=,FALSE,student_212,FALSE,TRUE,student,Player,112,
213,pbkdf2_sha256$390000$Rd0scfcAkVNSrZXBMvcreU$v+C2L91avAb0lQd8a4+xbwf6LQ5iywBqt/FB7sZdqu8=,FALSE,student_213,FALSE,TRUE,student,Player,113,
214,pbkdf2_sha256$390000$Rd0scfcAkVNSrZXBMvcreU$v+C2L91avAb0lQd8a4+xbwf6LQ5iywBqt/FB7sZdqu8=,FALSE,student_214,FALSE,TRUE,student,Player,114,
215,pbkdf2_sha256$390000$Rd0scfcAkVNSrZXBMvcreU$v+C2L91avAb0lQd8a4+xbwf6LQ5iywBqt/FB7sZdqu8=,FALSE,student_215,FALSE,TRUE,student,Player,115,
216,pbkdf2_sha256$390000$Rd0scfcAkVNSrZXBMvcreU$v+C2L91avAb0lQd8a4+xbwf6LQ5iywBqt/FB7sZdqu8=,FALSE,student_216,FALSE,TRUE,student,Player,116,
217,pbkdf2_sha256$390000$Rd0scfcAkVNSrZXBMvcreU$v+C2L91avAb0lQd8a4+xbwf6LQ5iywBqt/FB7sZdqu8=,FALSE,student_217,FALSE,TRUE,student,Player,117,
218,pbkdf2_sha256$390000$Rd0scfcAkVNSrZXBMvcreU$v+C2L91avAb0lQd8a4+xbwf6LQ5iywBqt/FB7sZdqu8=,FALSE,student_218,FALSE,TRUE,student,Player,118,
219,pbkdf2_sha256$390000$Rd0scfcAkVNSrZXBMvcreU$v+C2L91avAb0lQd8a4+xbwf6LQ5iywBqt/FB7sZdqu8=,FALSE,student_219,FALSE,TRUE,student,Player,119,
220,pbkdf2_sha256$390000$Rd0scfcAkVNSrZXBMvcreU$v+C2L91avAb0lQd8a4+xbwf6LQ5iywBqt/FB7sZdqu8=,FALSE,student_220,FALSE,TRUE,student,Player,120,
221,pbkdf2_sha256$390000$Rd0scfcAkVNSrZXBMvcreU$v+C2L91avAb0lQd8a4+xbwf6LQ5iywBqt/FB7sZdqu8=,FALSE,student_221,FALSE,TRUE,student,Player,121,
222,pbkdf2_sha256$390000$Rd0scfcAkVNSrZXBMvcreU$v+C2L91avAb0lQd8a4+xbwf6LQ5iywBqt/FB7sZdqu8=,FALSE,student_222,FALSE,TRUE,student,Player,122,
223,pbkdf2_sha256$390000$Rd0scfcAkVNSrZXBMvcreU$v+C2L91avAb0lQd8a4+xbwf6LQ5iywBqt/FB7sZdqu8=,FALSE,student_223,FALSE,TRUE,student,Player,123,
224,pbkdf2_sha256$390000$Rd0scfcAkVNSrZXBMvcreU$v+C2L91avAb0lQd8a4+xbwf6LQ5iywBqt/FB7sZdqu8=,FALSE,student_224,FALSE,TRUE,student,Player,124,
225,pbkdf2_sha256$390000$Rd0scfcAkVNSrZXBMvcreU$v+C2L91avAb0lQd8a4+xbwf6LQ5iywBqt/FB7sZdqu8=,FALSE,student_225,FALSE,TRUE,student,Player,125,
226,pbkdf2_sha256$390000$Rd0scfcAkVNSrZXBMvcreU$v+C2L91avAb0lQd8a4+xbwf6LQ5iywBqt/FB7sZdqu8=,FALSE,student_226,FALSE,TRUE,student,Player,126,
227,pbkdf2_sha256$390000$Rd0scfcAkVNSrZXBMvcreU$v+C2L91avAb0lQd8a4+xbwf6LQ5iywBqt/FB7sZdqu8=,FALSE,student_227,FALSE,TRUE,student,Player,127,
228,pbkdf2_sha256$390000$Rd0scfcAkVNSrZXBMvcreU$v+C2L91avAb0lQd8a4+xbwf6LQ5iywBqt/FB7sZdqu8=,FALSE,student_228,FALSE,TRUE,student,Player,128,
229,pbkdf2_sha256$390000$Rd0scfcAkVNSrZXBMvcreU$v+C2L91avAb0lQd8a4+xbwf6LQ5iywBqt/FB7sZdqu8=,FALSE,student_229,FALSE,TRUE,student,Player,129,
230,pbkdf2_sha256$390000$Rd0scfcAkVNSrZXBMvcreU$v+C2L91avAb0lQd8a4+xbwf6LQ5iywBqt/FB7sZdqu8=,FALSE,student_230,FALSE,TRUE,student,Player,130,
231,pbkdf2_sha256$390000$Rd0scfcAkVNSrZXBMvcreU$v+C2L91avAb0lQd8a4+xbwf6LQ5iywBqt/FB7sZdqu8=,FALSE,student_231,FALSE,TRUE,student,Player,131,
232,pbkdf2_sha256$390000$Rd0scfcAkVNSrZXBMvcreU$v+C2L91avAb0lQd8a4+xbwf6LQ5iywBqt/FB7sZdqu8=,FALSE,student_232,FALSE,TRUE,student,Player,132,
233,pbkdf2_sha256$390000$Rd0scfcAkVNSrZXBMvcreU$v+C2L91avAb0lQd8a4+xbwf6LQ5iywBqt/FB7sZdqu8=,FALSE,student_233,FALSE,TRUE,student,Player,133,
234,pbkdf2_sha256$390000$Rd0scfcAkVNSrZXBMvcreU$v+C2L91avAb0lQd8a4+xbwf6LQ5iywBqt/FB7sZdqu8=,FALSE,student_234,FALSE,TRUE,student,Player,134,
235,pbkdf2_sha256$390000$Rd0scfcAkVNSrZXBMvcreU$v+C2L91avAb0lQd8a4+xbwf6LQ5iywBqt/FB7sZdqu8=,FALSE,student_235,FALSE,TRUE,student,Player,135,
236,pbkdf2_sha256$390000$Rd0scfcAkVNSrZXBMvcreU$v+C2L91avAb0lQd8a4+xbwf6LQ5iywBqt/FB7sZdqu8=,FALSE,student_236,FALSE,TRUE,student,Player,136,
237,pbkdf2_sha256$390000$Rd0scfcAkVNSrZXBMvcreU$v+C2L91avAb0lQd8a4+xbwf6LQ5iywBqt/FB7sZdqu8=,FALSE,student_237,FALSE,TRUE,student,Player,137,
238,pbkdf2_sha256$390000$Rd0scfcAkVNSrZXBMvcreU$v+C2L91avAb0lQd8a4+xbwf6LQ5iywBqt/FB7sZdqu8=,FALSE,student_238,FALSE,TRUE,student,Player,138,
239,pbkdf2_sha256$390000$Rd0scfcAkVNSrZXBMvcreU$v+C2L91avAb0lQd8a4+xbwf6LQ5iywBqt/FB7sZdqu8=,FALSE,student_239,FALSE,TRUE,student,Player,139,
240,pbkdf2_sha256$390000$Rd0scfcAkVNSrZXBMvcreU$v+C2L91avAb0lQd8a4+xbwf6LQ5iywBqt/FB7sZdqu8=,FALSE,student_240,FALSE,TRUE,student,Player,140,
241,pbkdf2_sha256$390000$Rd0scfcAkVNSrZXBMvcreU$v+C2L91avAb0lQd8a4+xbwf6LQ5iywBqt/FB7sZdqu8=,FALSE,student_241,FALSE,TRUE,student,Player,141,
242,pbkdf2_sha256$390000$Rd0scfcAkVNSrZXBMvcreU$v+C2L91avAb0lQd8a4+xbwf6LQ5iywBqt/FB7sZdqu8=,FALSE,student_242,FALSE,TRUE,student,Player,142,
243,pbkdf2_sha256$390000$Rd0scfcAkVNSrZXBMvcreU$v+C2L91avAb0lQd8a4+xbwf6LQ5iywBqt/FB7sZdqu8=,FALSE,student_243,FALSE,TRUE,student,Player,143,
244,pbkdf2_sha256$390000$Rd0scfcAkVNSrZXBMvcreU$v+C2L91avAb0lQd8a4+xbwf6LQ5iywBqt/FB7sZdqu8=,FALSE,student_244,FALSE,TRUE,student,Player,144,
245,pbkdf2_sha256$390000$Rd0scfcAkVNSrZXBMvcreU$v+C2L91avAb0lQd8a4+xbwf6LQ5iywBqt/FB7sZdqu8=,FALSE,student_245,FALSE,TRUE,student,Player,145,
246,pbkdf2_sha256$390000$Rd0scfcAkVNSrZXBMvcreU$v+C2L91avAb0lQd8a4+xbwf6LQ5iywBqt/FB7sZdqu8=,FALSE,student_246,FALSE,TRUE,student,Player,146,
247,pbkdf2_sha256$390000$Rd0scfcAkVNSrZXBMvcreU$v+C2L91avAb0lQd8a4+xbwf6LQ5iywBqt/FB7sZdqu8=,FALSE,student_247,FALSE,TRUE,student,Player,147,
248,pbkdf2_sha256$390000$Rd0scfcAkVNSrZXBMvcreU$v+C2L91avAb0lQd8a4+xbwf6LQ5iywBqt/FB7sZdqu8=,FALSE,student_248,FALSE,TRUE,student,Player,148,
249,pbkdf2_sha256$390000$Rd0scfcAkVNSrZXBMvcreU$v+C2L91avAb0lQd8a4+xbwf6LQ5iywBqt/FB7sZdqu8=,FALSE,student_249,FALSE,TRUE,student,Player,149,
250,pbkdf2_sha256$390000$Rd0scfcAkVNSrZXBMvcreU$v+C2L91avAb0lQd8a4+xbwf6LQ5iywBqt/FB7sZdqu8=,FALSE,student_250,FALSE,TRUE,student,Player,150,
251,pbkdf2_sha256$390000$Rd0scfcAkVNSrZXBMvcreU$v+C2L91avAb0lQd8a4+xbwf6LQ5iywBqt/FB7sZdqu8=,FALSE,student_251,FALSE,TRUE,student,Player,151,
252,pbkdf2_sha256$390000$Rd0scfcAkVNSrZXBMvcreU$v+C2L91avAb0lQd8a4+xbwf6LQ5iywBqt/FB7sZdqu8=,FALSE,student_252,FALSE,TRUE,student,Player,152,
253,pbkdf2_sha256$390000$Rd0scfcAkVNSrZXBMvcreU$v+C2L91avAb0lQd8a4+xbwf6LQ5iywBqt/FB7sZdqu8=,FALSE,student_253,FALSE,TRUE,student,Player,153,
254,pbkdf2_sha256$390000$Rd0scfcAkVNSrZXBMvcreU$v+C2L91avAb0lQd8a4+xbwf6LQ5iywBqt/FB7sZdqu8=,FALSE,student_254,FALSE,TRUE,student,Player,154,
255,pbkdf2_sha256$390000$Rd0scfcAkVNSrZXBMvcreU$v+C2L91avAb0lQd8a4+xbwf6LQ5iywBqt/FB7sZdqu8=,FALSE,student_255,FALSE,TRUE,student,Player,155,
256,pbkdf2_sha256$390000$Rd0scfcAkVNSrZXBMvcreU$v+C2L91avAb0lQd8a4+xbwf6LQ5iywBqt/FB7sZdqu8=,FALSE,student_256,FALSE,TRUE,student,Player,156,
257,pbkdf2_sha256$390000$Rd0scfcAkVNSrZXBMvcreU$v+C2L91avAb0lQd8a4+xbwf6LQ5iywBqt/FB7sZdqu8=,FALSE,student_257,FALSE,TRUE,student,Player,157,
258,pbkdf2_sha256$390000$Rd0scfcAkVNSrZXBMvcreU$v+C2L91avAb0lQd8a4+xbwf6LQ5iywBqt/FB7sZdqu8=,FALSE,student_258,FALSE,TRUE,student,Player,158,
259,pbkdf2_sha256$390000$Rd0scfcAkVNSrZXBMvcreU$v+C2L91avAb0lQd8a4+xbwf6LQ5iywBqt/FB7sZdqu8=,FALSE,student_259,FALSE,TRUE,student,Player,159,
260,pbkdf2_sha256$390000$Rd0scfcAkVNSrZXBMvcreU$v+C2L91avAb0lQd8a4+xbwf6LQ5iywBqt/FB7sZdqu8=,FALSE,student_260,FALSE,TRUE,student,Player,160,
261,pbkdf2_sha256$390000$Rd0scfcAkVNSrZXBMvcreU$v+C2L91avAb0lQd8a4+xbwf6LQ5iywBqt/FB7sZdqu8=,FALSE,student_261,FALSE,TRUE,student,Player,161,
262,pbkdf2_sha256$390000$Rd0scfcAkVNSrZXBMvcreU$v+C2L91avAb0lQd8a4+xbwf6LQ5iywBqt/FB7sZdqu8=,FALSE,student_262,FALSE,TRUE,student,Player,162,
263,pbkdf2_sha256$390000$Rd0scfcAkVNSrZXBMvcreU$v+C2L91avAb0lQd8a4+xbwf6LQ5iywBqt/FB7sZdqu8=,FALSE,student_263,FALSE,TRUE,student,Player,163,
264,pbkdf2_sha256$390000$Rd0scfcAkVNSrZXBMvcreU$v+C2L91avAb0lQd8a4+xbwf6LQ5iywBqt/FB7sZdqu8=,FALSE,student_264,FALSE,TRUE,student,Player,164,
265,pbkdf2_sha256$390000$Rd0scfcAkVNSrZXBMvcreU$v+C2L91avAb0lQd8a4+xbwf6LQ5iywBqt/FB7sZdqu8=,FALSE,student_265,FALSE,TRUE,student,Player,165,
266,pbkdf2_sha256$390000$Rd0scfcAkVNSrZXBMvcreU$v+C2L91avAb0lQd8a4+xbwf6LQ5iywBqt/FB7sZdqu8=,FALSE,student_266,FALSE,TRUE,student,Player,166,
267,pbkdf2_sha256$390000$Rd0scfcAkVNSrZXBMvcreU$v+C2L91avAb0lQd8a4+xbwf6LQ5iywBqt/FB7sZdqu8=,FALSE,student_267,FALSE,TRUE,student,Player,167,
268,pbkdf2_sha256$390000$Rd0scfcAkVNSrZXBMvcreU$v+C2L91avAb0lQd8a4+xbwf6LQ5iywBqt/FB7sZdqu8=,FALSE,student_268,FALSE,TRUE,student,Player,168,
269,pbkdf2_sha256$390000$Rd0scfcAkVNSrZXBMvcreU$v+C2L91avAb0lQd8a4+xbwf6LQ5iywBqt/FB7sZdqu8=,FALSE,student_269,FALSE,TRUE,student,Player,169,
270,pbkdf2_sha256$390000$Rd0scfcAkVNSrZXBMvcreU$v+C2L91avAb0lQd8a4+xbwf6LQ5iywBqt/FB7sZdqu8=,FALSE,student_270,FALSE,TRUE,student,Player,170,
271,pbkdf2_sha256$390000$Rd0scfcAkVNSrZXBMvcreU$v+C2L91avAb0lQd8a4+xbwf6LQ5iywBqt/FB7sZdqu8=,FALSE,student_271,FALSE,TRUE,student,Player,171,
272,pbkdf2_sha256$390000$Rd0scfcAkVNSrZXBMvcreU$v+C2L91avAb0lQd8a4+xbwf6LQ5iywBqt/FB7sZdqu8=,FALSE,student_272,FALSE,TRUE,student,Player,172,
273,pbkdf2_sha256$390000$Rd0scfcAkVNSrZXBMvcreU$v+C2L91avAb0lQd8a4+xbwf6LQ5iywBqt/FB7sZdqu8=,FALSE,student_273,FALSE,TRUE,student,Player,173,
274,pbkdf2_sha256$390000$Rd0scfcAkVNSrZXBMvcreU$v+C2L91avAb0lQd8a4+xbwf6LQ5iywBqt/FB7sZdqu8=,FALSE,student_274,FALSE,TRUE,student,Player,174,
275,pbkdf2_sha256$390000$Rd0scfcAkVNSrZXBMvcreU$v+C2L91avAb0lQd8a4+xbwf6LQ5iywBqt/FB7sZdqu8=,FALSE,student_275,FALSE,TRUE,student,Player,175,
276,pbkdf2_sha256$390000$Rd0scfcAkVNSrZXBMvcreU$v+C2L91avAb0lQd8a4+xbwf6LQ5iywBqt/FB7sZdqu8=,FALSE,student_276,FALSE,TRUE,student,Player,176,
277,pbkdf2_sha256$390000$Rd0scfcAkVNSrZXBMvcreU$v+C2L91avAb0lQd8a4+xbwf6LQ5iywBqt/FB7sZdqu8=,FALSE,student_277,FALSE,TRUE,student,Player,177,
278,pbkdf2_sha256$390000$Rd0scfcAkVNSrZXBMvcreU$v+C2L91avAb0lQd8a4+xbwf6LQ5iywBqt/FB7sZdqu8=,FALSE,student_278,FALSE,TRUE,student,Player,178,
279,pbkdf2_sha256$390000$Rd0scfcAkVNSrZXBMvcreU$v+C2L91avAb0lQd8a4+xbwf6LQ5iywBqt/FB7sZdqu8=,FALSE,student_279,FALSE,TRUE,student,Player,179,
280,pbkdf2_sha256$390000$Rd0scfcAkVNSrZXBMvcreU$v+C2L91avAb0lQd8a4+xbwf6LQ5iywBqt/FB7sZdqu8=,FALSE,student_280,FALSE,TRUE,student,Player,180,
281,pbkdf2_sha256$390000$Rd0scfcAkVNSrZXBMvcreU$v+C2L91avAb0lQd8a4+xbwf6LQ5iywBqt/FB7sZdqu8=,FALSE,student_281,FALSE,TRUE,student,Player,181,
282,pbkdf2_sha256$390000$Rd0scfcAkVNSrZXBMvcreU$v+C2L91avAb0lQd8a4+xbwf6LQ5iywBqt/FB7sZdqu8=,FALSE,student_282,FALSE,TRUE,student,Player,182,
283,pbkdf2_sha256$390000$Rd0scfcAkVNSrZXBMvcreU$v+C2L91avAb0lQd8a4+xbwf6LQ5iywBqt/FB7sZdqu8=,FALSE,student_283,FALSE,TRUE,student,Player,183,
284,pbkdf2_sha256$390000$Rd0scfcAkVNSrZXBMvcreU$v+C2L91avAb0lQd8a4+xbwf6LQ5iywBqt/FB7sZdqu8=,FALSE,student_284,FALSE,TRUE,student,Player,184,
285,pbkdf2_sha256$390000$Rd0scfcAkVNSrZXBMvcreU$v+C2L91avAb0lQd8a4+xbwf6LQ5iywBqt/FB7sZdqu8=,FALSE,student_285,FALSE,TRUE,student,Player,185,
286,pbkdf2_sha256$390000$Rd0scfcAkVNSrZXBMvcreU$v+C2L91avAb0lQd8a4+xbwf6LQ5iywBqt/FB7sZdqu8=,FALSE,student_286,FALSE,TRUE,student,Player,186,
287,pbkdf2_sha256$390000$Rd0scfcAkVNSrZXBMvcreU$v+C2L91avAb0lQd8a4+xbwf6LQ5iywBqt/FB7sZdqu8=,FALSE,student_287,FALSE,TRUE,student,Player,187,
288,pbkdf2_sha256$390000$Rd0scfcAkVNSrZXBMvcreU$v+C2L91avAb0lQd8a4+xbwf6LQ5iywBqt/FB7sZdqu8=,FALSE,student_288,FALSE,TRUE,student,Player,188,
289,pbkdf2_sha256$390000$Rd0scfcAkVNSrZXBMvcreU$v+C2L91avAb0lQd8a4+xbwf6LQ5iywBqt/FB7sZdqu8=,FALSE,student_289,FALSE,TRUE,student,Player,189,
290,pbkdf2_sha256$390000$Rd0scfcAkVNSrZXBMvcreU$v+C2L91avAb0lQd8a4+xbwf6LQ5iywBqt/FB7sZdqu8=,FALSE,student_290,FALSE,TRUE,student,Player,190,
291,pbkdf2_sha256$390000$Rd0scfcAkVNSrZXBMvcreU$v+C2L91avAb0lQd8a4+xbwf6LQ5iywBqt/FB7sZdqu8=,FALSE,student_291,FALSE,TRUE,student,Player,191,
292,pbkdf2_sha256$390000$Rd0scfcAkVNSrZXBMvcreU$v+C2L91avAb0lQd8a4+xbwf6LQ5iywBqt/FB7sZdqu8=,FALSE,student_292,FALSE,TRUE,student,Player,192,
293,pbkdf2_sha256$390000$Rd0scfcAkVNSrZXBMvcreU$v+C2L91avAb0lQd8a4+xbwf6LQ5iywBqt/FB7sZdqu8=,FALSE,student_293,FALSE,TRUE,student,Player,193,
294,pbkdf2_sha256$390000$Rd0scfcAkVNSrZXBMvcreU$v+C2L91avAb0lQd8a4+xbwf6LQ5iywBqt/FB7sZdqu8=,FALSE,student_294,FALSE,TRUE,student,Player,194,
295,pbkdf2_sha256$390000$Rd0scfcAkVNSrZXBMvcreU$v+C2L91avAb0lQd8a4+xbwf6LQ5iywBqt/FB7sZdqu8=,FALSE,student_295,FALSE,TRUE,student,Player,195,
296,pbkdf2_sha256$390000$Rd0scfcAkVNSrZXBMvcreU$v+C2L91avAb0lQd8a4+xbwf6LQ5iywBqt/FB7sZdqu8=,FALSE,student_296,FALSE,TRUE,student,Player,196,
297,pbkdf2_sha256$390000$Rd0scfcAkVNSrZXBMvcreU$v+C2L91avAb0lQd8a4+xbwf6LQ5iywBqt/FB7sZdqu8=,FALSE,student_297,FALSE,TRUE,student,Player,197,
298,pbkdf2_sha256$390000$Rd0scfcAkVNSrZXBMvcreU$v+C2L91avAb0lQd8a4+xbwf6LQ5iywBqt/FB7sZdqu8=,FALSE,student_298,FALSE,TRUE,student,Player,198,
299,pbkdf2_sha256$390000$Rd0scfcAkVNSrZXBMvcreU$v+C2L91avAb0lQd8a4+xbwf6LQ5iywBqt/FB7sZdqu8=,FALSE,student_299,FALSE,TRUE,student,Player,199,
300,pbkdf2_sha256$390000$Rd0scfcAkVNSrZXBMvcreU$v+C2L91avAb0lQd8a4+xbwf6LQ5iywBqt/FB7sZdqu8=,FALSE,student_300,FALSE,TRUE,student,Player,200,
301,pbkdf2_sha256$390000$Rd0scfcAkVNSrZXBMvcreU$v+C2L91avAb0lQd8a4+xbwf6LQ5iywBqt/FB7sZdqu8=,FALSE,student_301,FALSE,TRUE,student,Player,201,
302,pbkdf2_sha256$390000$Rd0scfcAkVNSrZXBMvcreU$v+C2L91avAb0lQd8a4+xbwf6LQ5iywBqt/FB7sZdqu8=,FALSE,student_302,FALSE,TRUE,student,Player,202,
303,pbkdf2_sha256$390000$Rd0scfcAkVNSrZXBMvcreU$v+C2L91avAb0lQd8a4+xbwf6LQ5iywBqt/FB7sZdqu8=,FALSE,student_303,FALSE,TRUE,student,Player,203,
304,pbkdf2_sha256$390000$Rd0scfcAkVNSrZXBMvcreU$v+C2L91avAb0lQd8a4+xbwf6LQ5iywBqt/FB7sZdqu8=,FALSE,student_304,FALSE,TRUE,student,Player,204,
305,pbkdf2_sha256$390000$Rd0scfcAkVNSrZXBMvcreU$v+C2L91avAb0lQd8a4+xbwf6LQ5iywBqt/FB7sZdqu8=,FALSE,student_305,FALSE,TRUE,student,Player,205,
306,pbkdf2_sha256$390000$Rd0scfcAkVNSrZXBMvcreU$v+C2L91avAb0lQd8a4+xbwf6LQ5iywBqt/FB7sZdqu8=,FALSE,student_306,FALSE,TRUE,student,Player,206,
307,pbkdf2_sha256$390000$Rd0scfcAkVNSrZXBMvcreU$v+C2L91avAb0lQd8a4+xbwf6LQ5iywBqt/FB7sZdqu8=,FALSE,student_307,FALSE,TRUE,student,Player,207,
308,pbkdf2_sha256$390000$Rd0scfcAkVNSrZXBMvcreU$v+C2L91avAb0lQd8a4+xbwf6LQ5iywBqt/FB7sZdqu8=,FALSE,student_308,FALSE,TRUE,student,Player,208,
309,pbkdf2_sha256$390000$Rd0scfcAkVNSrZXBMvcreU$v+C2L91avAb0lQd8a4+xbwf6LQ5iywBqt/FB7sZdqu8=,FALSE,student_309,FALSE,TRUE,student,Player,209,
310,pbkdf2_sha256$390000$Rd0scfcAkVNSrZXBMvcreU$v+C2L91avAb0lQd8a4+xbwf6LQ5iywBqt/FB7sZdqu8=,FALSE,student_310,FALSE,TRUE,student,Player,210,
311,pbkdf2_sha256$390000$Rd0scfcAkVNSrZXBMvcreU$v+C2L91avAb0lQd8a4+xbwf6LQ5iywBqt/FB7sZdqu8=,FALSE,student_311,FALSE,TRUE,student,Player,211,
312,pbkdf2_sha256$390000$Rd0scfcAkVNSrZXBMvcreU$v+C2L91avAb0lQd8a4+xbwf6LQ5iywBqt/FB7sZdqu8=,FALSE,student_312,FALSE,TRUE,student,Player,212,
313,pbkdf2_sha256$390000$Rd0scfcAkVNSrZXBMvcreU$v+C2L91avAb0lQd8a4+xbwf6LQ5iywBqt/FB7sZdqu8=,FALSE,student_313,FALSE,TRUE,student,Player,213,
314,pbkdf2_sha256$390000$Rd0scfcAkVNSrZXBMvcreU$v+C2L91avAb0lQd8a4+xbwf6LQ5iywBqt/FB7sZdqu8=,FALSE,student_314,FALSE,TRUE,student,Player,214,
315,pbkdf2_sha256$390000$Rd0scfcAkVNSrZXBMvcreU$v+C2L91avAb0lQd8a4+xbwf6LQ5iywBqt/FB7sZdqu8=,FALSE,student_315,FALSE,TRUE,student,Player,215,
316,pbkdf2_sha256$390000$Rd0scfcAkVNSrZXBMvcreU$v+C2L91avAb0lQd8a4+xbwf6LQ5iywBqt/FB7sZdqu8=,FALSE,student_316,FALSE,TRUE,student,Player,216,
317,pbkdf2_sha256$390000$Rd0scfcAkVNSrZXBMvcreU$v+C2L91avAb0lQd8a4+xbwf6LQ5iywBqt/FB7sZdqu8=,FALSE,student_317,FALSE,TRUE,student,Player,217,
318,pbkdf2_sha256$390000$Rd0scfcAkVNSrZXBMvcreU$v+C2L91avAb0lQd8a4+xbwf6LQ5iywBqt/FB7sZdqu8=,FALSE,student_318,FALSE,TRUE,student,Player,218,
319,pbkdf2_sha256$390000$Rd0scfcAkVNSrZXBMvcreU$v+C2L91avAb0lQd8a4+xbwf6LQ5iywBqt/FB7sZdqu8=,FALSE,student_319,FALSE,TRUE,student,Player,219,
320,pbkdf2_sha256$390000$Rd0scfcAkVNSrZXBMvcreU$v+C2L91avAb0lQd8a4+xbwf6LQ5iywBqt/FB7sZdqu8=,FALSE,student_320,FALSE,TRUE,student,Player,220,
321,pbkdf2_sha256$390000$Rd0scfcAkVNSrZXBMvcreU$v+C2L91avAb0lQd8a4+xbwf6LQ5iywBqt/FB7sZdqu8=,FALSE,student_321,FALSE,TRUE,student,Player,221,
322,pbkdf2_sha256$390000$Rd0scfcAkVNSrZXBMvcreU$v+C2L91avAb0lQd8a4+xbwf6LQ5iywBqt/FB7sZdqu8=,FALSE,student_322,FALSE,TRUE,student,Player,222,
323,pbkdf2_sha256$390000$Rd0scfcAkVNSrZXBMvcreU$v+C2L91avAb0lQd8a4+xbwf6LQ5iywBqt/FB7sZdqu8=,FALSE,student_323,FALSE,TRUE,student,Player,223,
324,pbkdf2_sha256$390000$Rd0scfcAkVNSrZXBMvcreU$v+C2L91avAb0lQd8a4+xbwf6LQ5iywBqt/FB7sZdqu8=,FALSE,student_324,FALSE,TRUE,student,Player,224,
325,pbkdf2_sha256$390000$Rd0scfcAkVNSrZXBMvcreU$v+C2L91avAb0lQd8a4+xbwf6LQ5iywBqt/FB7sZdqu8=,FALSE,student_325,FALSE,TRUE,student,Player,225,
326,pbkdf2_sha256$390000$Rd0scfcAkVNSrZXBMvcreU$v+C2L91avAb0lQd8a4+xbwf6LQ5iywBqt/FB7sZdqu8=,FALSE,student_326,FALSE,TRUE,student,Player,226,
327,pbkdf2_sha256$390000$Rd0scfcAkVNSrZXBMvcreU$v+C2L91avAb0lQd8a4+xbwf6LQ5iywBqt/FB7sZdqu8=,FALSE,student_327,FALSE,TRUE,student,Player,227,
328,pbkdf2_sha256$390000$Rd0scfcAkVNSrZXBMvcreU$v+C2L91avAb0lQd8a4+xbwf6LQ5iywBqt/FB7sZdqu8=,FALSE,student_328,FALSE,TRUE,student,Player,228,
329,pbkdf2_sha256$390000$Rd0scfcAkVNSrZXBMvcreU$v+C2L91avAb0lQd8a4+xbwf6LQ5iywBqt/FB7sZdqu8=,FALSE,student_329,FALSE,TRUE,student,Player,229,
330,pbkdf2_sha256$390000$Rd0scfcAkVNSrZXBMvcreU$v+C2L91avAb0lQd8a4+xbwf6LQ5iywBqt/FB7sZdqu8=,FALSE,student_330,FALSE,TRUE,student,Player,230,
331,pbkdf2_sha256$390000$Rd0scfcAkVNSrZXBMvcreU$v+C2L91avAb0lQd8a4+xbwf6LQ5iywBqt/FB7sZdqu8=,FALSE,student_331,FALSE,TRUE,student,Player,231,
332,pbkdf2_sha256$390000$Rd0scfcAkVNSrZXBMvcreU$v+C2L91avAb0lQd8a4+xbwf6LQ5iywBqt/FB7sZdqu8=,FALSE,student_332,FALSE,TRUE,student,Player,232,
333,pbkdf2_sha256$390000$Rd0scfcAkVNSrZXBMvcreU$v+C2L91avAb0lQd8a4+xbwf6LQ5iywBqt/FB7sZdqu8=,FALSE,student_333,FALSE,TRUE,student,Player,233,
334,pbkdf2_sha256$390000$Rd0scfcAkVNSrZXBMvcreU$v+C2L91avAb0lQd8a4+xbwf6LQ5iywBqt/FB7sZdqu8=,FALSE,student_334,FALSE,TRUE,student,Player,234,
335,pbkdf2_sha256$390000$Rd0scfcAkVNSrZXBMvcreU$v+C2L91avAb0lQd8a4+xbwf6LQ5iywBqt/FB7sZdqu8=,FALSE,student_335,FALSE,TRUE,student,Player,235,
336,pbkdf2_sha256$390000$Rd0scfcAkVNSrZXBMvcreU$v+C2L91avAb0lQd8a4+xbwf6LQ5iywBqt/FB7sZdqu8=,FALSE,student_336,FALSE,TRUE,student,Player,236,
337,pbkdf2_sha256$390000$Rd0scfcAkVNSrZXBMvcreU$v+C2L91avAb0lQd8a4+xbwf6LQ5iywBqt/FB7sZdqu8=,FALSE,student_337,FALSE,TRUE,student,Player,237,
338,pbkdf2_sha256$390000$Rd0scfcAkVNSrZXBMvcreU$v+C2L91avAb0lQd8a4+xbwf6LQ5iywBqt/FB7sZdqu8=,FALSE,student_338,FALSE,TRUE,student,Player,238,
339,pbkdf2_sha256$390000$Rd0scfcAkVNSrZXBMvcreU$v+C2L91avAb0lQd8a4+xbwf6LQ5iywBqt/FB7sZdqu8=,FALSE,student_339,FALSE,TRUE,student,Player,239,
340,pbkdf2_sha256$390000$Rd0scfcAkVNSrZXBMvcreU$v+C2L91avAb0lQd8a4+xbwf6LQ5iywBqt/FB7sZdqu8=,FALSE,student_340,FALSE,TRUE,student,Player,240,
341,pbkdf2_sha256$390000$Rd0scfcAkVNSrZXBMvcreU$v+C2L91avAb0lQd8a4+xbwf6LQ5iywBqt/FB7sZdqu8=,FALSE,student_341,FALSE,TRUE,student,Player,241,
342,pbkdf2_sha256$390000$Rd0scfcAkVNSrZXBMvcreU$v+C2L91avAb0lQd8a4+xbwf6LQ5iywBqt/FB7sZdqu8=,FALSE,student_342,FALSE,TRUE,student,Player,242,
343,pbkdf2_sha256$390000$Rd0scfcAkVNSrZXBMvcreU$v+C2L91avAb0lQd8a4+xbwf6LQ5iywBqt/FB7sZdqu8=,FALSE,student_343,FALSE,TRUE,student,Player,243,
344,pbkdf2_sha256$390000$Rd0scfcAkVNSrZXBMvcreU$v+C2L91avAb0lQd8a4+xbwf6LQ5iywBqt/FB7sZdqu8=,FALSE,student_344,FALSE,TRUE,student,Player,244,
345,pbkdf2_sha256$390000$Rd0scfcAkVNSrZXBMvcreU$v+C2L91avAb0lQd8a4+xbwf6LQ5iywBqt/FB7sZdqu8=,FALSE,student_345,FALSE,TRUE,student,Player,245,
346,pbkdf2_sha256$390000$Rd0scfcAkVNSrZXBMvcreU$v+C2L91avAb0lQd8a4+xbwf6LQ5iywBqt/FB7sZdqu8=,FALSE,student_346,FALSE,TRUE,student,Player,246,
347,pbkdf2_sha256$390000$Rd0scfcAkVNSrZXBMvcreU$v+C2L91avAb0lQd8a4+xbwf6LQ5iywBqt/FB7sZdqu8=,FALSE,student_347,FALSE,TRUE,student,Player,247,
348,pbkdf2_sha256$390000$Rd0scfcAkVNSrZXBMvcreU$v+C2L91avAb0lQd8a4+xbwf6LQ5iywBqt/FB7sZdqu8=,FALSE,student_348,FALSE,TRUE,student,Player,248,
349,pbkdf2_sha256$390000$Rd0scfcAkVNSrZXBMvcreU$v+C2L91avAb0lQd8a4+xbwf6LQ5iywBqt/FB7sZdqu8=,FALSE,student_349,FALSE,TRUE,student,Player,249,
350,pbkdf2_sha256$390000$Rd0scfcAkVNSrZXBMvcreU$v+C2L91avAb0lQd8a4+xbwf6LQ5iywBqt/FB7sZdqu8=,FALSE,student_350,FALSE,TRUE,student,Player,250,
351,pbkdf2_sha256$390000$Rd0scfcAkVNSrZXBMvcreU$v+C2L91avAb0lQd8a4+xbwf6LQ5iywBqt/FB7sZdqu8=,FALSE,student_351,FALSE,TRUE,student,Player,251,
352,pbkdf2_sha256$390000$Rd0scfcAkVNSrZXBMvcreU$v+C2L91avAb0lQd8a4+xbwf6LQ5iywBqt/FB7sZdqu8=,FALSE,student_352,FALSE,TRUE,student,Player,252,
353,pbkdf2_sha256$390000$Rd0scfcAkVNSrZXBMvcreU$v+C2L91avAb0lQd8a4+xbwf6LQ5iywBqt/FB7sZdqu8=,FALSE,student_353,FALSE,TRUE,student,Player,253,
354,pbkdf2_sha256$390000$Rd0scfcAkVNSrZXBMvcreU$v+C2L91avAb0lQd8a4+xbwf6LQ5iywBqt/FB7sZdqu8=,FALSE,student_354,FALSE,TRUE,student,Player,254,
355,pbkdf2_sha256$390000$Rd0scfcAkVNSrZXBMvcreU$v+C2L91avAb0lQd8a4+xbwf6LQ5iywBqt/FB7sZdqu8=,FALSE,student_355,FALSE,TRUE,student,Player,255,
356,pbkdf2_sha256$390000$Rd0scfcAkVNSrZXBMvcreU$v+C2L91avAb0lQd8a4+xbwf6LQ5iywBqt/FB7sZdqu8=,FALSE,student_356,FALSE,TRUE,student,Player,256,
357,pbkdf2_sha256$390000$Rd0scfcAkVNSrZXBMvcreU$v+C2L91avAb0lQd8a4+xbwf6LQ5iywBqt/FB7sZdqu8=,FALSE,student_357,FALSE,TRUE,student,Player,257,
358,pbkdf2_sha256$390000$Rd0scfcAkVNSrZXBMvcreU$v+C2L91avAb0lQd8a4+xbwf6LQ5iywBqt/FB7sZdqu8=,FALSE,student_358,FALSE,TRUE,student,Player,258,
359,pbkdf2_sha256$390000$Rd0scfcAkVNSrZXBMvcreU$v+C2L91avAb0lQd8a4+xbwf6LQ5iywBqt/FB7sZdqu8=,FALSE,student_359,FALSE,TRUE,student,Player,259,
360,pbkdf2_sha256$390000$Rd0scfcAkVNSrZXBMvcreU$v+C2L91avAb0lQd8a4+xbwf6LQ5iywBqt/FB7sZdqu8=,FALSE,student_360,FALSE,TRUE,student,Player,260,
361,pbkdf2_sha256$390000$Rd0scfcAkVNSrZXBMvcreU$v+C2L91avAb0lQd8a4+xbwf6LQ5iywBqt/FB7sZdqu8=,FALSE,student_361,FALSE,TRUE,student,Player,261,
362,pbkdf2_sha256$390000$Rd0scfcAkVNSrZXBMvcreU$v+C2L91avAb0lQd8a4+xbwf6LQ5iywBqt/FB7sZdqu8=,FALSE,student_362,FALSE,TRUE,student,Player,262,
363,pbkdf2_sha256$390000$Rd0scfcAkVNSrZXBMvcreU$v+C2L91avAb0lQd8a4+xbwf6LQ5iywBqt/FB7sZdqu8=,FALSE,student_363,FALSE,TRUE,student,Player,263,
364,pbkdf2_sha256$390000$Rd0scfcAkVNSrZXBMvcreU$v+C2L91avAb0lQd8a4+xbwf6LQ5iywBqt/FB7sZdqu8=,FALSE,student_364,FALSE,TRUE,student,Player,264,
365,pbkdf2_sha256$390000$Rd0scfcAkVNSrZXBMvcreU$v+C2L91avAb0lQd8a4+xbwf6LQ5iywBqt/FB7sZdqu8=,FALSE,student_365,FALSE,TRUE,student,Player,265,
366,pbkdf2_sha256$390000$Rd0scfcAkVNSrZXBMvcreU$v+C2L91avAb0lQd8a4+xbwf6LQ5iywBqt/FB7sZdqu8=,FALSE,student_366,FALSE,TRUE,student,Player,266,
367,pbkdf2_sha256$390000$Rd0scfcAkVNSrZXBMvcreU$v+C2L91avAb0lQd8a4+xbwf6LQ5iywBqt/FB7sZdqu8=,FALSE,student_367,FALSE,TRUE,student,Player,267,
368,pbkdf2_sha256$390000$Rd0scfcAkVNSrZXBMvcreU$v+C2L91avAb0lQd8a4+xbwf6LQ5iywBqt/FB7sZdqu8=,FALSE,student_368,FALSE,TRUE,student,Player,268,
369,pbkdf2_sha256$390000$Rd0scfcAkVNSrZXBMvcreU$v+C2L91avAb0lQd8a4+xbwf6LQ5iywBqt/FB7sZdqu8=,FALSE,student_369,FALSE,TRUE,student,Player,269,
370,pbkdf2_sha256$390000$Rd0scfcAkVNSrZXBMvcreU$v+C2L91avAb0lQd8a4+xbwf6LQ5iywBqt/FB7sZdqu8=,FALSE,student_370,FALSE,TRUE,student,Player,270,
371,pbkdf2_sha256$390000$Rd0scfcAkVNSrZXBMvcreU$v+C2L91avAb0lQd8a4+xbwf6LQ5iywBqt/FB7sZdqu8=,FALSE,student_371,FALSE,TRUE,student,Player,271,
372,pbkdf2_sha256$390000$Rd0scfcAkVNSrZXBMvcreU$v+C2L91avAb0lQd8a4+xbwf6LQ5iywBqt/FB7sZdqu8=,FALSE,student_372,FALSE,TRUE,student,Player,272,
373,pbkdf2_sha256$390000$Rd0scfcAkVNSrZXBMvcreU$v+C2L91avAb0lQd8a4+xbwf6LQ5iywBqt/FB7sZdqu8=,FALSE,student_373,FALSE,TRUE,student,Player,273,
374,pbkdf2_sha256$390000$Rd0scfcAkVNSrZXBMvcreU$v+C2L91avAb0lQd8a4+xbwf6LQ5iywBqt/FB7sZdqu8=,FALSE,student_374,FALSE,TRUE,student,Player,274,
375,pbkdf2_sha256$390000$Rd0scfcAkVNSrZXBMvcreU$v+C2L91avAb0lQd8a4+xbwf6LQ5iywBqt/FB7sZdqu8=,FALSE,student_375,FALSE,TRUE,student,Player,275,
376,pbkdf2_sha256$390000$Rd0scfcAkVNSrZXBMvcreU$v+C2L91avAb0lQd8a4+xbwf6LQ5iywBqt/FB7sZdqu8=,FALSE,student_376,FALSE,TRUE,student,Player,276,
377,pbkdf2_sha256$390000$Rd0scfcAkVNSrZXBMvcreU$v+C2L91avAb0lQd8a4+xbwf6LQ5iywBqt/FB7sZdqu8=,FALSE,student_377,FALSE,TRUE,student,Player,277,
378,pbkdf2_sha256$390000$Rd0scfcAkVNSrZXBMvcreU$v+C2L91avAb0lQd8a4+xbwf6LQ5iywBqt/FB7sZdqu8=,FALSE,student_378,FALSE,TRUE,student,Player,278,
379,pbkdf2_sha256$390000$Rd0scfcAkVNSrZXBMvcreU$v+C2L91avAb0lQd8a4+xbwf6LQ5iywBqt/FB7sZdqu8=,FALSE,student_379,FALSE,TRUE,student,Player,279,
380,pbkdf2_sha256$390000$Rd0scfcAkVNSrZXBMvcreU$v+C2L91avAb0lQd8a4+xbwf6LQ5iywBqt/FB7sZdqu8=,FALSE,student_380,FALSE,TRUE,student,Player,280,
381,pbkdf2_sha256$390000$Rd0scfcAkVNSrZXBMvcreU$v+C2L91avAb0lQd8a4+xbwf6LQ5iywBqt/FB7sZdqu8=,FALSE,student_381,FALSE,TRUE,student,Player,281,
382,pbkdf2_sha256$390000$Rd0scfcAkVNSrZXBMvcreU$v+C2L91avAb0lQd8a4+xbwf6LQ5iywBqt/FB7sZdqu8=,FALSE,student_382,FALSE,TRUE,student,Player,282,
383,pbkdf2_sha256$390000$Rd0scfcAkVNSrZXBMvcreU$v+C2L91avAb0lQd8a4+xbwf6LQ5iywBqt/FB7sZdqu8=,FALSE,student_383,FALSE,TRUE,student,Player,283,
384,pbkdf2_sha256$390000$Rd0scfcAkVNSrZXBMvcreU$v+C2L91avAb0lQd8a4+xbwf6LQ5iywBqt/FB7sZdqu8=,FALSE,student_384,FALSE,TRUE,student,Player,284,
385,pbkdf2_sha256$390000$Rd0scfcAkVNSrZXBMvcreU$v+C2L91avAb0lQd8a4+xbwf6LQ5iywBqt/FB7sZdqu8=,FALSE,student_385,FALSE,TRUE,student,Player,285,
386,pbkdf2_sha256$390000$Rd0scfcAkVNSrZXBMvcreU$v+C2L91avAb0lQd8a4+xbwf6LQ5iywBqt/FB7sZdqu8=,FALSE,student_386,FALSE,TRUE,student,Player,286,
387,pbkdf2_sha256$390000$Rd0scfcAkVNSrZXBMvcreU$v+C2L91avAb0lQd8a4+xbwf6LQ5iywBqt/FB7sZdqu8=,FALSE,student_387,FALSE,TRUE,student,Player,287,
388,pbkdf2_sha256$390000$Rd0scfcAkVNSrZXBMvcreU$v+C2L91avAb0lQd8a4+xbwf6LQ5iywBqt/FB7sZdqu8=,FALSE,student_388,FALSE,TRUE,student,Player,288,
389,pbkdf2_sha256$390000$Rd0scfcAkVNSrZXBMvcreU$v+C2L91avAb0lQd8a4+xbwf6LQ5iywBqt/FB7sZdqu8=,FALSE,student_389,FALSE,TRUE,student,Player,289,
390,pbkdf2_sha256$390000$Rd0scfcAkVNSrZXBMvcreU$v+C2L91avAb0lQd8a4+xbwf6LQ5iywBqt/FB7sZdqu8=,FALSE,student_390,FALSE,TRUE,student,Player,290,
391,pbkdf2_sha256$390000$Rd0scfcAkVNSrZXBMvcreU$v+C2L91avAb0lQd8a4+xbwf6LQ5iywBqt/FB7sZdqu8=,FALSE,student_391,FALSE,TRUE,student,Player,291,
392,pbkdf2_sha256$390000$Rd0scfcAkVNSrZXBMvcreU$v+C2L91avAb0lQd8a4+xbwf6LQ5iywBqt/FB7sZdqu8=,FALSE,student_392,FALSE,TRUE,student,Player,292,
393,pbkdf2_sha256$390000$Rd0scfcAkVNSrZXBMvcreU$v+C2L91avAb0lQd8a4+xbwf6LQ5iywBqt/FB7sZdqu8=,FALSE,student_393,FALSE,TRUE,student,Player,293,
394,pbkdf2_sha256$390000$Rd0scfcAkVNSrZXBMvcreU$v+C2L91avAb0lQd8a4+xbwf6LQ5iywBqt/FB7sZdqu8=,FALSE,student_394,FALSE,TRUE,student,Player,294,
395,pbkdf2_sha256$390000$Rd0scfcAkVNSrZXBMvcreU$v+C2L91avAb0lQd8a4+xbwf6LQ5iywBqt/FB7sZdqu8=,FALSE,student_395,FALSE,TRUE,student,Player,295,
396,pbkdf2_sha256$390000$Rd0scfcAkVNSrZXBMvcreU$v+C2L91avAb0lQd8a4+xbwf6LQ5iywBqt/FB7sZdqu8=,FALSE,student_396,FALSE,TRUE,student,Player,296,
397,pbkdf2_sha256$390000$Rd0scfcAkVNSrZXBMvcreU$v+C2L91avAb0lQd8a4+xbwf6LQ5iywBqt/FB7sZdqu8=,FALSE,student_397,FALSE,TRUE,student,Player,297,
398,pbkdf2_sha256$390000$Rd0scfcAkVNSrZXBMvcreU$v+C2L91avAb0lQd8a4+xbwf6LQ5iywBqt/FB7sZdqu8=,FALSE,student_398,FALSE,TRUE,student,Player,298,
399,pbkdf2_sha256$390000$Rd0scfcAkVNSrZXBMvcreU$v+C2L91avAb0lQd8a4+xbwf6LQ5iywBqt/FB7sZdqu8=,FALSE,student_399,FALSE,TRUE,student,Player,299,
400,pbkdf2_sha256$390000$Rd0scfcAkVNSrZXBMvcreU$v+C2L91avAb0lQd8a4+xbwf6LQ5iywBqt/FB7sZdqu8=,FALSE,student_400,FALSE,TRUE,student,Player,300,
401,pbkdf2_sha256$390000$Rd0scfcAkVNSrZXBMvcreU$v+C2L91avAb0lQd8a4+xbwf6LQ5iywBqt/FB7sZdqu8=,FALSE,student_401,FALSE,TRUE,student,Player,301,
402,pbkdf2_sha256$390000$Rd0scfcAkVNSrZXBMvcreU$v+C2L91avAb0lQd8a4+xbwf6LQ5iywBqt/FB7sZdqu8=,FALSE,student_402,FALSE,TRUE,student,Player,302,
403,pbkdf2_sha256$390000$Rd0scfcAkVNSrZXBMvcreU$v+C2L91avAb0lQd8a4+xbwf6LQ5iywBqt/FB7sZdqu8=,FALSE,student_403,FALSE,TRUE,student,Player,303,
404,pbkdf2_sha256$390000$Rd0scfcAkVNSrZXBMvcreU$v+C2L91avAb0lQd8a4+xbwf6LQ5iywBqt/FB7sZdqu8=,FALSE,student_404,FALSE,TRUE,student,Player,304,
405,pbkdf2_sha256$390000$Rd0scfcAkVNSrZXBMvcreU$v+C2L91avAb0lQd8a4+xbwf6LQ5iywBqt/FB7sZdqu8=,FALSE,student_405,FALSE,TRUE,student,Player,305,
406,pbkdf2_sha256$390000$Rd0scfcAkVNSrZXBMvcreU$v+C2L91avAb0lQd8a4+xbwf6LQ5iywBqt/FB7sZdqu8=,FALSE,student_406,FALSE,TRUE,student,Player,306,
407,pbkdf2_sha256$390000$Rd0scfcAkVNSrZXBMvcreU$v+C2L91avAb0lQd8a4+xbwf6LQ5iywBqt/FB7sZdqu8=,FALSE,student_407,FALSE,TRUE,student,Player,307,
408,pbkdf2_sha256$390000$Rd0scfcAkVNSrZXBMvcreU$v+C2L91avAb0lQd8a4+xbwf6LQ5iywBqt/FB7sZdqu8=,FALSE,student_408,FALSE,TRUE,student,Player,308,
409,pbkdf2_sha256$390000$Rd0scfcAkVNSrZXBMvcreU$v+C2L91avAb0lQd8a4+xbwf6LQ5iywBqt/FB7sZdqu8=,FALSE,student_409,FALSE,TRUE,student,Player,309,
410,pbkdf2_sha256$390000$Rd0scfcAkVNSrZXBMvcreU$v+C2L91avAb0lQd8a4+xbwf6LQ5iywBqt/FB7sZdqu8=,FALSE,student_410,FALSE,TRUE,student,Player,310,
411,pbkdf2_sha256$390000$Rd0scfcAkVNSrZXBMvcreU$v+C2L91avAb0lQd8a4+xbwf6LQ5iywBqt/FB7sZdqu8=,FALSE,student_411,FALSE,TRUE,student,Player,311,
412,pbkdf2_sha256$390000$Rd0scfcAkVNSrZXBMvcreU$v+C2L91avAb0lQd8a4+xbwf6LQ5iywBqt/FB7sZdqu8=,FALSE,student_412,FALSE,TRUE,student,Player,312,
413,pbkdf2_sha256$390000$Rd0scfcAkVNSrZXBMvcreU$v+C2L91avAb0lQd8a4+xbwf6LQ5iywBqt/FB7sZdqu8=,FALSE,student_413,FALSE,TRUE,student,Player,313,
414,pbkdf2_sha256$390000$Rd0scfcAkVNSrZXBMvcreU$v+C2L91avAb0lQd8a4+xbwf6LQ5iywBqt/FB7sZdqu8=,FALSE,student_414,FALSE,TRUE,student,Player,314,
415,pbkdf2_sha256$390000$Rd0scfcAkVNSrZXBMvcreU$v+C2L91avAb0lQd8a4+xbwf6LQ5iywBqt/FB7sZdqu8=,FALSE,student_415,FALSE,TRUE,student,Player,315,
416,pbkdf2_sha256$390000$Rd0scfcAkVNSrZXBMvcreU$v+C2L91avAb0lQd8a4+xbwf6LQ5iywBqt/FB7sZdqu8=,FALSE,student_416,FALSE,TRUE,student,Player,316,
417,pbkdf2_sha256$390000$Rd0scfcAkVNSrZXBMvcreU$v+C2L91avAb0lQd8a4+xbwf6LQ5iywBqt/FB7sZdqu8=,FALSE,student_417,FALSE,TRUE,student,Player,317,
418,pbkdf2_sha256$390000$Rd0scfcAkVNSrZXBMvcreU$v+C2L91avAb0lQd8a4+xbwf6LQ5iywBqt/FB7sZdqu8=,FALSE,student_418,FALSE,TRUE,student,Player,318,
419,pbkdf2_sha256$390000$Rd0scfcAkVNSrZXBMvcreU$v+C2L91avAb0lQd8a4+xbwf6LQ5iywBqt/FB7sZdqu8=,FALSE,student_419,FALSE,TRUE,student,Player,319,
420,pbkdf2_sha256$390000$Rd0scfcAkVNSrZXBMvcreU$v+C2L91avAb0lQd8a4+xbwf6LQ5iywBqt/FB7sZdqu8=,FALSE,student_420,FALSE,TRUE,student,Player,320,
421,pbkdf2_sha256$390000$Rd0scfcAkVNSrZXBMvcreU$v+C2L91avAb0lQd8a4+xbwf6LQ5iywBqt/FB7sZdqu8=,FALSE,student_421,FALSE,TRUE,student,Player,321,
422,pbkdf2_sha256$390000$Rd0scfcAkVNSrZXBMvcreU$v+C2L91avAb0lQd8a4+xbwf6LQ5iywBqt/FB7sZdqu8=,FALSE,student_422,FALSE,TRUE,student,Player,322,
423,pbkdf2_sha256$390000$Rd0scfcAkVNSrZXBMvcreU$v+C2L91avAb0lQd8a4+xbwf6LQ5iywBqt/FB7sZdqu8=,FALSE,student_423,FALSE,TRUE,student,Player,323,
424,pbkdf2_sha256$390000$Rd0scfcAkVNSrZXBMvcreU$v+C2L91avAb0lQd8a4+xbwf6LQ5iywBqt/FB7sZdqu8=,FALSE,student_424,FALSE,TRUE,student,Player,324,
425,pbkdf2_sha256$390000$Rd0scfcAkVNSrZXBMvcreU$v+C2L91avAb0lQd8a4+xbwf6LQ5iywBqt/FB7sZdqu8=,FALSE,student_425,FALSE,TRUE,student,Player,325,
426,pbkdf2_sha256$390000$Rd0scfcAkVNSrZXBMvcreU$v+C2L91avAb0lQd8a4+xbwf6LQ5iywBqt/FB7sZdqu8=,FALSE,student_426,FALSE,TRUE,student,Player,326,
427,pbkdf2_sha256$390000$Rd0scfcAkVNSrZXBMvcreU$v+C2L91avAb0lQd8a4+xbwf6LQ5iywBqt/FB7sZdqu8=,FALSE,student_427,FALSE,TRUE,student,Player,327,
428,pbkdf2_sha256$390000$Rd0scfcAkVNSrZXBMvcreU$v+C2L91avAb0lQd8a4+xbwf6LQ5iywBqt/FB7sZdqu8=,FALSE,student_428,FALSE,TRUE,student,Player,328,
429,pbkdf2_sha256$390000$Rd0scfcAkVNSrZXBMvcreU$v+C2L91avAb0lQd8a4+xbwf6LQ5iywBqt/FB7sZdqu8=,FALSE,student_429,FALSE,TRUE,student,Player,329,
430,pbkdf2_sha256$390000$Rd0scfcAkVNSrZXBMvcreU$v+C2L91avAb0lQd8a4+xbwf6LQ5iywBqt/FB7sZdqu8=,FALSE,student_430,FALSE,TRUE,student,Player,330,
431,pbkdf2_sha256$390000$Rd0scfcAkVNSrZXBMvcreU$v+C2L91avAb0lQd8a4+xbwf6LQ5iywBqt/FB7sZdqu8=,FALSE,student_431,FALSE,TRUE,student,Player,331,
432,pbkdf2_sha256$390000$Rd0scfcAkVNSrZXBMvcreU$v+C2L91avAb0lQd8a4+xbwf6LQ5iywBqt/FB7sZdqu8=,FALSE,student_432,FALSE,TRUE,student,Player,332,
433,pbkdf2_sha256$390000$Rd0scfcAkVNSrZXBMvcreU$v+C2L91avAb0lQd8a4+xbwf6LQ5iywBqt/FB7sZdqu8=,FALSE,student_433,FALSE,TRUE,student,Player,333,
434,pbkdf2_sha256$390000$Rd0scfcAkVNSrZXBMvcreU$v+C2L91avAb0lQd8a4+xbwf6LQ5iywBqt/FB7sZdqu8=,FALSE,student_434,FALSE,TRUE,student,Player,334,
435,pbkdf2_sha256$390000$Rd0scfcAkVNSrZXBMvcreU$v+C2L91avAb0lQd8a4+xbwf6LQ5iywBqt/FB7sZdqu8=,FALSE,student_435,FALSE,TRUE,student,Player,335,
436,pbkdf2_sha256$390000$Rd0scfcAkVNSrZXBMvcreU$v+C2L91avAb0lQd8a4+xbwf6LQ5iywBqt/FB7sZdqu8=,FALSE,student_436,FALSE,TRUE,student,Player,336,
437,pbkdf2_sha256$390000$Rd0scfcAkVNSrZXBMvcreU$v+C2L91avAb0lQd8a4+xbwf6LQ5iywBqt/FB7sZdqu8=,FALSE,student_437,FALSE,TRUE,student,Player,337,
438,pbkdf2_sha256$390000$Rd0scfcAkVNSrZXBMvcreU$v+C2L91avAb0lQd8a4+xbwf6LQ5iywBqt/FB7sZdqu8=,FALSE,student_438,FALSE,TRUE,student,Player,338,
439,pbkdf2_sha256$390000$Rd0scfcAkVNSrZXBMvcreU$v+C2L91avAb0lQd8a4+xbwf6LQ5iywBqt/FB7sZdqu8=,FALSE,student_439,FALSE,TRUE,student,Player,339,
440,pbkdf2_sha256$390000$Rd0scfcAkVNSrZXBMvcreU$v+C2L91avAb0lQd8a4+xbwf6LQ5iywBqt/FB7sZdqu8=,FALSE,student_440,FALSE,TRUE,student,Player,340,
441,pbkdf2_sha256$390000$Rd0scfcAkVNSrZXBMvcreU$v+C2L91avAb0lQd8a4+xbwf6LQ5iywBqt/FB7sZdqu8=,FALSE,student_441,FALSE,TRUE,student,Player,341,
442,pbkdf2_sha256$390000$Rd0scfcAkVNSrZXBMvcreU$v+C2L91avAb0lQd8a4+xbwf6LQ5iywBqt/FB7sZdqu8=,FALSE,student_442,FALSE,TRUE,student,Player,342,
443,pbkdf2_sha256$390000$Rd0scfcAkVNSrZXBMvcreU$v+C2L91avAb0lQd8a4+xbwf6LQ5iywBqt/FB7sZdqu8=,FALSE,student_443,FALSE,TRUE,student,Player,343,
444,pbkdf2_sha256$390000$Rd0scfcAkVNSrZXBMvcreU$v+C2L91avAb0lQd8a4+xbwf6LQ5iywBqt/FB7sZdqu8=,FALSE,student_444,FALSE,TRUE,student,Player,344,
445,pbkdf2_sha256$390000$Rd0scfcAkVNSrZXBMvcreU$v+C2L91avAb0lQd8a4+xbwf6LQ5iywBqt/FB7sZdqu8=,FALSE,student_445,FALSE,TRUE,student,Player,345,
446,pbkdf2_sha256$390000$Rd0scfcAkVNSrZXBMvcreU$v+C2L91avAb0lQd8a4+xbwf6LQ5iywBqt/FB7sZdqu8=,FALSE,student_446,FALSE,TRUE,student,Player,346,
447,pbkdf2_sha256$390000$Rd0scfcAkVNSrZXBMvcreU$v+C2L91avAb0lQd8a4+xbwf6LQ5iywBqt/FB7sZdqu8=,FALSE,student_447,FALSE,TRUE,student,Player,347,
448,pbkdf2_sha256$390000$Rd0scfcAkVNSrZXBMvcreU$v+C2L91avAb0lQd8a4+xbwf6LQ5iywBqt/FB7sZdqu8=,FALSE,student_448,FALSE,TRUE,student,Player,348,
449,pbkdf2_sha256$390000$Rd0scfcAkVNSrZXBMvcreU$v+C2L91avAb0lQd8a4+xbwf6LQ5iywBqt/FB7sZdqu8=,FALSE,student_449,FALSE,TRUE,student,Player,349,
450,pbkdf2_sha256$390000$Rd0scfcAkVNSrZXBMvcreU$v+C2L91avAb0lQd8a4+xbwf6LQ5iywBqt/FB7sZdqu8=,FALSE,student_450,FALSE,TRUE,student,Player,350,
451,pbkdf2_sha256$390000$Rd0scfcAkVNSrZXBMvcreU$v+C2L91avAb0lQd8a4+xbwf6LQ5iywBqt/FB7sZdqu8=,FALSE,student_451,FALSE,TRUE,student,Player,351,
452,pbkdf2_sha256$390000$Rd0scfcAkVNSrZXBMvcreU$v+C2L91avAb0lQd8a4+xbwf6LQ5iywBqt/FB7sZdqu8=,FALSE,student_452,FALSE,TRUE,student,Player,352,
453,pbkdf2_sha256$390000$Rd0scfcAkVNSrZXBMvcreU$v+C2L91avAb0lQd8a4+xbwf6LQ5iywBqt/FB7sZdqu8=,FALSE,student_453,FALSE,TRUE,student,Player,353,
454,pbkdf2_sha256$390000$Rd0scfcAkVNSrZXBMvcreU$v+C2L91avAb0lQd8a4+xbwf6LQ5iywBqt/FB7sZdqu8=,FALSE,student_454,FALSE,TRUE,student,Player,354,
455,pbkdf2_sha256$390000$Rd0scfcAkVNSrZXBMvcreU$v+C2L91avAb0lQd8a4+xbwf6LQ5iywBqt/FB7sZdqu8=,FALSE,student_455,FALSE,TRUE,student,Player,355,
456,pbkdf2_sha256$390000$Rd0scfcAkVNSrZXBMvcreU$v+C2L91avAb0lQd8a4+xbwf6LQ5iywBqt/FB7sZdqu8=,FALSE,student_456,FALSE,TRUE,student,Player,356,
457,pbkdf2_sha256$390000$Rd0scfcAkVNSrZXBMvcreU$v+C2L91avAb0lQd8a4+xbwf6LQ5iywBqt/FB7sZdqu8=,FALSE,student_457,FALSE,TRUE,student,Player,357,
458,pbkdf2_sha256$390000$Rd0scfcAkVNSrZXBMvcreU$v+C2L91avAb0lQd8a4+xbwf6LQ5iywBqt/FB7sZdqu8=,FALSE,student_458,FALSE,TRUE,student,Player,358,
459,pbkdf2_sha256$390000$Rd0scfcAkVNSrZXBMvcreU$v+C2L91avAb0lQd8a4+xbwf6LQ5iywBqt/FB7sZdqu8=,FALSE,student_459,FALSE,TRUE,student,Player,359,
460,pbkdf2_sha256$390000$Rd0scfcAkVNSrZXBMvcreU$v+C2L91avAb0lQd8a4+xbwf6LQ5iywBqt/FB7sZdqu8=,FALSE,student_460,FALSE,TRUE,student,Player,360,
461,pbkdf2_sha256$390000$Rd0scfcAkVNSrZXBMvcreU$v+C2L91avAb0lQd8a4+xbwf6LQ5iywBqt/FB7sZdqu8=,FALSE,student_461,FALSE,TRUE,student,Player,361,
462,pbkdf2_sha256$390000$Rd0scfcAkVNSrZXBMvcreU$v+C2L91avAb0lQd8a4+xbwf6LQ5iywBqt/FB7sZdqu8=,FALSE,student_462,FALSE,TRUE,student,Player,362,
463,pbkdf2_sha256$390000$Rd0scfcAkVNSrZXBMvcreU$v+C2L91avAb0lQd8a4+xbwf6LQ5iywBqt/FB7sZdqu8=,FALSE,student_463,FALSE,TRUE,student,Player,363,
464,pbkdf2_sha256$390000$Rd0scfcAkVNSrZXBMvcreU$v+C2L91avAb0lQd8a4+xbwf6LQ5iywBqt/FB7sZdqu8=,FALSE,student_464,FALSE,TRUE,student,Player,364,
465,pbkdf2_sha256$390000$Rd0scfcAkVNSrZXBMvcreU$v+C2L91avAb0lQd8a4+xbwf6LQ5iywBqt/FB7sZdqu8=,FALSE,student_465,FALSE,TRUE,student,Player,365,
466,pbkdf2_sha256$390000$Rd0scfcAkVNSrZXBMvcreU$v+C2L91avAb0lQd8a4+xbwf6LQ5iywBqt/FB7sZdqu8=,FALSE,student_466,FALSE,TRUE,student,Player,366,
467,pbkdf2_sha256$390000$Rd0scfcAkVNSrZXBMvcreU$v+C2L91avAb0lQd8a4+xbwf6LQ5iywBqt/FB7sZdqu8=,FALSE,student_467,FALSE,TRUE,student,Player,367,
468,pbkdf2_sha256$390000$Rd0scfcAkVNSrZXBMvcreU$v+C2L91avAb0lQd8a4+xbwf6LQ5iywBqt/FB7sZdqu8=,FALSE,student_468,FALSE,TRUE,student,Player,368,
469,pbkdf2_sha256$390000$Rd0scfcAkVNSrZXBMvcreU$v+C2L91avAb0lQd8a4+xbwf6LQ5iywBqt/FB7sZdqu8=,FALSE,student_469,FALSE,TRUE,student,Player,369,
470,pbkdf2_sha256$390000$Rd0scfcAkVNSrZXBMvcreU$v+C2L91avAb0lQd8a4+xbwf6LQ5iywBqt/FB7sZdqu8=,FALSE,student_470,FALSE,TRUE,student,Player,370,
471,pbkdf2_sha256$390000$Rd0scfcAkVNSrZXBMvcreU$v+C2L91avAb0lQd8a4+xbwf6LQ5iywBqt/FB7sZdqu8=,FALSE,student_471,FALSE,TRUE,student,Player,371,
472,pbkdf2_sha256$390000$Rd0scfcAkVNSrZXBMvcreU$v+C2L91avAb0lQd8a4+xbwf6LQ5iywBqt/FB7sZdqu8=,FALSE,student_472,FALSE,TRUE,student,Player,372,
473,pbkdf2_sha256$390000$Rd0scfcAkVNSrZXBMvcreU$v+C2L91avAb0lQd8a4+xbwf6LQ5iywBqt/FB7sZdqu8=,FALSE,student_473,FALSE,TRUE,student,Player,373,
474,pbkdf2_sha256$390000$Rd0scfcAkVNSrZXBMvcreU$v+C2L91avAb0lQd8a4+xbwf6LQ5iywBqt/FB7sZdqu8=,FALSE,student_474,FALSE,TRUE,student,Player,374,
475,pbkdf2_sha256$390000$Rd0scfcAkVNSrZXBMvcreU$v+C2L91avAb0lQd8a4+xbwf6LQ5iywBqt/FB7sZdqu8=,FALSE,student_475,FALSE,TRUE,student,Player,375,
476,pbkdf2_sha256$390000$Rd0scfcAkVNSrZXBMvcreU$v+C2L91avAb0lQd8a4+xbwf6LQ5iywBqt/FB7sZdqu8=,FALSE,student_476,FALSE,TRUE,student,Player,376,
477,pbkdf2_sha256$390000$Rd0scfcAkVNSrZXBMvcreU$v+C2L91avAb0lQd8a4+xbwf6LQ5iywBqt/FB7sZdqu8=,FALSE,student_477,FALSE,TRUE,student,Player,377,
478,pbkdf2_sha256$390000$Rd0scfcAkVNSrZXBMvcreU$v+C2L91avAb0lQd8a4+xbwf6LQ5iywBqt/FB7sZdqu8=,FALSE,student_478,FALSE,TRUE,student,Player,378,
479,pbkdf2_sha256$390000$Rd0scfcAkVNSrZXBMvcreU$v+C2L91avAb0lQd8a4+xbwf6LQ5iywBqt/FB7sZdqu8=,FALSE,student_479,FALSE,TRUE,student,Player,379,
480,pbkdf2_sha256$390000$Rd0scfcAkVNSrZXBMvcreU$v+C2L91avAb0lQd8a4+xbwf6LQ5iywBqt/FB7sZdqu8=,FALSE,student_480,FALSE,TRUE,student,Player,380,
481,pbkdf2_sha256$390000$Rd0scfcAkVNSrZXBMvcreU$v+C2L91avAb0lQd8a4+xbwf6LQ5iywBqt/FB7sZdqu8=,FALSE,student_481,FALSE,TRUE,student,Player,381,
482,pbkdf2_sha256$390000$Rd0scfcAkVNSrZXBMvcreU$v+C2L91avAb0lQd8a4+xbwf6LQ5iywBqt/FB7sZdqu8=,FALSE,student_482,FALSE,TRUE,student,Player,382,
483,pbkdf2_sha256$390000$Rd0scfcAkVNSrZXBMvcreU$v+C2L91avAb0lQd8a4+xbwf6LQ5iywBqt/FB7sZdqu8=,FALSE,student_483,FALSE,TRUE,student,Player,383,
484,pbkdf2_sha256$390000$Rd0scfcAkVNSrZXBMvcreU$v+C2L91avAb0lQd8a4+xbwf6LQ5iywBqt/FB7sZdqu8=,FALSE,student_484,FALSE,TRUE,student,Player,384,
485,pbkdf2_sha256$390000$Rd0scfcAkVNSrZXBMvcreU$v+C2L91avAb0lQd8a4+xbwf6LQ5iywBqt/FB7sZdqu8=,FALSE,student_485,FALSE,TRUE,student,Player,385,
486,pbkdf2_sha256$390000$Rd0scfcAkVNSrZXBMvcreU$v+C2L91avAb0lQd8a4+xbwf6LQ5iywBqt/FB7sZdqu8=,FALSE,student_486,FALSE,TRUE,student,Player,386,
487,pbkdf2_sha256$390000$Rd0scfcAkVNSrZXBMvcreU$v+C2L91avAb0lQd8a4+xbwf6LQ5iywBqt/FB7sZdqu8=,FALSE,student_487,FALSE,TRUE,student,Player,387,
488,pbkdf2_sha256$390000$Rd0scfcAkVNSrZXBMvcreU$v+C2L91avAb0lQd8a4+xbwf6LQ5iywBqt/FB7sZdqu8=,FALSE,student_488,FALSE,TRUE,student,Player,388,
489,pbkdf2_sha256$390000$Rd0scfcAkVNSrZXBMvcreU$v+C2L91avAb0lQd8a4+xbwf6LQ5iywBqt/FB7sZdqu8=,FALSE,student_489,FALSE,TRUE,student,Player,389,
490,pbkdf2_sha256$390000$Rd0scfcAkVNSrZXBMvcreU$v+C2L91avAb0lQd8a4+xbwf6LQ5iywBqt/FB7sZdqu8=,FALSE,student_490,FALSE,TRUE,student,Player,390,
491,pbkdf2_sha256$390000$Rd0scfcAkVNSrZXBMvcreU$v+C2L91avAb0lQd8a4+xbwf6LQ5iywBqt/FB7sZdqu8=,FALSE,student_491,FALSE,TRUE,student,Player,391,
492,pbkdf2_sha256$390000$Rd0scfcAkVNSrZXBMvcreU$v+C2L91avAb0lQd8a4+xbwf6LQ5iywBqt/FB7sZdqu8=,FALSE,student_492,FALSE,TRUE,student,Player,392,
493,pbkdf2_sha256$390000$Rd0scfcAkVNSrZXBMvcreU$v+C2L91avAb0lQd8a4+xbwf6LQ5iywBqt/FB7sZdqu8=,FALSE,student_493,FALSE,TRUE,student,Player,393,
494,pbkdf2_sha256$390000$Rd0scfcAkVNSrZXBMvcreU$v+C2L91avAb0lQd8a4+xbwf6LQ5iywBqt/FB7sZdqu8=,FALSE,student_494,FALSE,TRUE,student,Player,394,
495,pbkdf2_sha256$390000$Rd0scfcAkVNSrZXBMvcreU$v+C2L91avAb0lQd8a4+xbwf6LQ5iywBqt/FB7sZdqu8=,FALSE,student_495,FALSE,TRUE,student,Player,395,
496,pbkdf2_sha256$390000$Rd0scfcAkVNSrZXBMvcreU$v+C2L91avAb0lQd8a4+xbwf6LQ5iywBqt/FB7sZdqu8=,FALSE,student_496,FALSE,TRUE,student,Player,396,
497,pbkdf2_sha256$390000$Rd0scfcAkVNSrZXBMvcreU$v+C2L91avAb0lQd8a4+xbwf6LQ5iywBqt/FB7sZdqu8=,FALSE,student_497,FALSE,TRUE,student,Player,397,
498,pbkdf2_sha256$390000$Rd0scfcAkVNSrZXBMvcreU$v+C2L91avAb0lQd8a4+xbwf6LQ5iywBqt/FB7sZdqu8=,FALSE,student_498,FALSE,TRUE,student,Player,398,
499,pbkdf2_sha256$390000$Rd0scfcAkVNSrZXBMvcreU$v+C2L91avAb0lQd8a4+xbwf6LQ5iywBqt/FB7sZdqu8=,FALSE,student_499,FALSE,TRUE,student,Player,399,
500,pbkdf2_sha256$390000$Rd0scfcAkVNSrZXBMvcreU$v+C2L91avAb0lQd8a4+xbwf6LQ5iywBqt/FB7sZdqu8=,FALSE,student_500,FALSE,TRUE,student,Player,400,
701,pbkdf2_sha256$390000$Rd0scfcAkVNSrZXBMvcreU$v+C2L91avAb0lQd8a4+xbwf6LQ5iywBqt/FB7sZdqu8=,FALSE,instructor_701,FALSE,TRUE,instructor,Instructor,400,
702,pbkdf2_sha256$390000$Rd0scfcAkVNSrZXBMvcreU$v+C2L91avAb0lQd8a4+xbwf6LQ5iywBqt/FB7sZdqu8=,FALSE,instructor_702,FALSE,TRUE,instructor,Instructor,400,
703,pbkdf2_sha256$390000$Rd0scfcAkVNSrZXBMvcreU$v+C2L91avAb0lQd8a4+xbwf6LQ5iywBqt/FB7sZdqu8=,FALSE,instructor_703,FALSE,TRUE,instructor,Instructor,400,
704,pbkdf2_sha256$390000$Rd0scfcAkVNSrZXBMvcreU$v+C2L91avAb0lQd8a4+xbwf6LQ5iywBqt/FB7sZdqu8=,FALSE,instructor_704,FALSE,TRUE,instructor,Instructor,400,
705,pbkdf2_sha256$390000$Rd0scfcAkVNSrZXBMvcreU$v+C2L91avAb0lQd8a4+xbwf6LQ5iywBqt/FB7sZdqu8=,FALSE,instructor_705,FALSE,TRUE,instructor,Instructor,400,
706,pbkdf2_sha256$390000$Rd0scfcAkVNSrZXBMvcreU$v+C2L91avAb0lQd8a4+xbwf6LQ5iywBqt/FB7sZdqu8=,FALSE,instructor_706,FALSE,TRUE,instructor,Instructor,400,
707,pbkdf2_sha256$390000$Rd0scfcAkVNSrZXBMvcreU$v+C2L91avAb0lQd8a4+xbwf6LQ5iywBqt/FB7sZdqu8=,FALSE,instructor_707,FALSE,TRUE,instructor,Instructor,400,
708,pbkdf2_sha256$390000$Rd0scfcAkVNSrZXBMvcreU$v+C2L91avAb0lQd8a4+xbwf6LQ5iywBqt/FB7sZdqu8=,FALSE,instructor_708,FALSE,TRUE,instructor,Instructor,400,
709,pbkdf2_sha256$390000$Rd0scfcAkVNSrZXBMvcreU$v+C2L91avAb0lQd8a4+xbwf6LQ5iywBqt/FB7sZdqu8=,FALSE,instructor_709,FALSE,TRUE,instructor,Instructor,400,
710,pbkdf2_sha256$390000$Rd0scfcAkVNSrZXBMvcreU$v+C2L91avAb0lQd8a4+xbwf6LQ5iywBqt/FB7sZdqu8=,FALSE,instructor_710,FALSE,TRUE,instructor,Instructor,400,
711,pbkdf2_sha256$390000$Rd0scfcAkVNSrZXBMvcreU$v+C2L91avAb0lQd8a4+xbwf6LQ5iywBqt/FB7sZdqu8=,FALSE,instructor_711,FALSE,TRUE,instructor,Instructor,400,
712,pbkdf2_sha256$390000$Rd0scfcAkVNSrZXBMvcreU$v+C2L91avAb0lQd8a4+xbwf6LQ5iywBqt/FB7sZdqu8=,FALSE,instructor_712,FALSE,TRUE,instructor,Instructor,400,
713,pbkdf2_sha256$390000$Rd0scfcAkVNSrZXBMvcreU$v+C2L91avAb0lQd8a4+xbwf6LQ5iywBqt/FB7sZdqu8=,FALSE,instructor_713,FALSE,TRUE,instructor,Instructor,400,
714,pbkdf2_sha256$390000$Rd0scfcAkVNSrZXBMvcreU$v+C2L91avAb0lQd8a4+xbwf6LQ5iywBqt/FB7sZdqu8=,FALSE,instructor_714,FALSE,TRUE,instructor,Instructor,400,
715,pbkdf2_sha256$390000$Rd0scfcAkVNSrZXBMvcreU$v+C2L91avAb0lQd8a4+xbwf6LQ5iywBqt/FB7sZdqu8=,FALSE,instructor_715,FALSE,TRUE,instructor,Instructor,400,
716,pbkdf2_sha256$390000$Rd0scfcAkVNSrZXBMvcreU$v+C2L91avAb0lQd8a4+xbwf6LQ5iywBqt/FB7sZdqu8=,FALSE,instructor_716,FALSE,TRUE,instructor,Instructor,400,
717,pbkdf2_sha256$390000$Rd0scfcAkVNSrZXBMvcreU$v+C2L91avAb0lQd8a4+xbwf6LQ5iywBqt/FB7sZdqu8=,FALSE,instructor_717,FALSE,TRUE,instructor,Instructor,400,
718,pbkdf2_sha256$390000$Rd0scfcAkVNSrZXBMvcreU$v+C2L91avAb0lQd8a4+xbwf6LQ5iywBqt/FB7sZdqu8=,FALSE,instructor_718,FALSE,TRUE,instructor,Instructor,400,
719,pbkdf2_sha256$390000$Rd0scfcAkVNSrZXBMvcreU$v+C2L91avAb0lQd8a4+xbwf6LQ5iywBqt/FB7sZdqu8=,FALSE,instructor_719,FALSE,TRUE,instructor,Instructor,400,
720,pbkdf2_sha256$390000$Rd0scfcAkVNSrZXBMvcreU$v+C2L91avAb0lQd8a4+xbwf6LQ5iywBqt/FB7sZdqu8=,FALSE,instructor_720,FALSE,TRUE,instructor,Instructor,400,
721,pbkdf2_sha256$390000$Rd0scfcAkVNSrZXBMvcreU$v+C2L91avAb0lQd8a4+xbwf6LQ5iywBqt/FB7sZdqu8=,FALSE,instructor_721,FALSE,TRUE,instructor,Instructor,400,
722,pbkdf2_sha256$390000$Rd0scfcAkVNSrZXBMvcreU$v+C2L91avAb0lQd8a4+xbwf6LQ5iywBqt/FB7sZdqu8=,FALSE,instructor_722,FALSE,TRUE,instructor,Instructor,400,
723,pbkdf2_sha256$390000$Rd0scfcAkVNSrZXBMvcreU$v+C2L91avAb0lQd8a4+xbwf6LQ5iywBqt/FB7sZdqu8=,FALSE,instructor_723,FALSE,TRUE,instructor,Instructor,400,
724,pbkdf2_sha256$390000$Rd0scfcAkVNSrZXBMvcreU$v+C2L91avAb0lQd8a4+xbwf6LQ5iywBqt/FB7sZdqu8=,FALSE,instructor_724,FALSE,TRUE,instructor,Instructor,400,
725,pbkdf2_sha256$390000$Rd0scfcAkVNSrZXBMvcreU$v+C2L91avAb0lQd8a4+xbwf6LQ5iywBqt/FB7sZdqu8=,FALSE,instructor_725,FALSE,TRUE,instructor,Instructor,400,
726,pbkdf2_sha256$390000$Rd0scfcAkVNSrZXBMvcreU$v+C2L91avAb0lQd8a4+xbwf6LQ5iywBqt/FB7sZdqu8=,FALSE,instructor_726,FALSE,TRUE,instructor,Instructor,400,
727,pbkdf2_sha256$390000$Rd0scfcAkVNSrZXBMvcreU$v+C2L91avAb0lQd8a4+xbwf6LQ5iywBqt/FB7sZdqu8=,FALSE,instructor_727,FALSE,TRUE,instructor,Instructor,400,
728,pbkdf2_sha256$390000$Rd0scfcAkVNSrZXBMvcreU$v+C2L91avAb0lQd8a4+xbwf6LQ5iywBqt/FB7sZdqu8=,FALSE,instructor_728,FALSE,TRUE,instructor,Instructor,400,
729,pbkdf2_sha256$390000$Rd0scfcAkVNSrZXBMvcreU$v+C2L91avAb0lQd8a4+xbwf6LQ5iywBqt/FB7sZdqu8=,FALSE,instructor_729,FALSE,TRUE,instructor,Instructor,400,
730,pbkdf2_sha256$390000$Rd0scfcAkVNSrZXBMvcreU$v+C2L91avAb0lQd8a4+xbwf6LQ5iywBqt/FB7sZdqu8=,FALSE,instructor_730,FALSE,TRUE,instructor,Instructor,400,
731,pbkdf2_sha256$390000$Rd0scfcAkVNSrZXBMvcreU$v+C2L91avAb0lQd8a4+xbwf6LQ5iywBqt/FB7sZdqu8=,FALSE,instructor_731,FALSE,TRUE,instructor,Instructor,400,
732,pbkdf2_sha256$390000$Rd0scfcAkVNSrZXBMvcreU$v+C2L91avAb0lQd8a4+xbwf6LQ5iywBqt/FB7sZdqu8=,FALSE,instructor_732,FALSE,TRUE,instructor,Instructor,400,
733,pbkdf2_sha256$390000$Rd0scfcAkVNSrZXBMvcreU$v+C2L91avAb0lQd8a4+xbwf6LQ5iywBqt/FB7sZdqu8=,FALSE,instructor_733,FALSE,TRUE,instructor,Instructor,400,
734,pbkdf2_sha256$390000$Rd0scfcAkVNSrZXBMvcreU$v+C2L91avAb0lQd8a4+xbwf6LQ5iywBqt/FB7sZdqu8=,FALSE,instructor_734,FALSE,TRUE,instructor,Instructor,400,
735,pbkdf2_sha256$390000$Rd0scfcAkVNSrZXBMvcreU$v+C2L91avAb0lQd8a4+xbwf6LQ5iywBqt/FB7sZdqu8=,FALSE,instructor_735,FALSE,TRUE,instructor,Instructor,400,
736,pbkdf2_sha256$390000$Rd0scfcAkVNSrZXBMvcreU$v+C2L91avAb0lQd8a4+xbwf6LQ5iywBqt/FB7sZdqu8=,FALSE,instructor_736,FALSE,TRUE,instructor,Instructor,400,
737,pbkdf2_sha256$390000$Rd0scfcAkVNSrZXBMvcreU$v+C2L91avAb0lQd8a4+xbwf6LQ5iywBqt/FB7sZdqu8=,FALSE,instructor_737,FALSE,TRUE,instructor,Instructor,400,
738,pbkdf2_sha256$390000$Rd0scfcAkVNSrZXBMvcreU$v+C2L91avAb0lQd8a4+xbwf6LQ5iywBqt/FB7sZdqu8=,FALSE,instructor_738,FALSE,TRUE,instructor,Instructor,400,
739,pbkdf2_sha256$390000$Rd0scfcAkVNSrZXBMvcreU$v+C2L91avAb0lQd8a4+xbwf6LQ5iywBqt/FB7sZdqu8=,FALSE,instructor_739,FALSE,TRUE,instructor,Instructor,400,
740,pbkdf2_sha256$390000$Rd0scfcAkVNSrZXBMvcreU$v+C2L91avAb0lQd8a4+xbwf6LQ5iywBqt/FB7sZdqu8=,FALSE,instructor_740,FALSE,TRUE,instructor,Instructor,400,
741,pbkdf2_sha256$390000$Rd0scfcAkVNSrZXBMvcreU$v+C2L91avAb0lQd8a4+xbwf6LQ5iywBqt/FB7sZdqu8=,FALSE,instructor_741,FALSE,TRUE,instructor,Instructor,400,
742,pbkdf2_sha256$390000$Rd0scfcAkVNSrZXBMvcreU$v+C2L91avAb0lQd8a4+xbwf6LQ5iywBqt/FB7sZdqu8=,FALSE,instructor_742,FALSE,TRUE,instructor,Instructor,400,
743,pbkdf2_sha256$390000$Rd0scfcAkVNSrZXBMvcreU$v+C2L91avAb0lQd8a4+xbwf6LQ5iywBqt/FB7sZdqu8=,FALSE,instructor_743,FALSE,TRUE,instructor,Instructor,400,
744,pbkdf2_sha256$390000$Rd0scfcAkVNSrZXBMvcreU$v+C2L91avAb0lQd8a4+xbwf6LQ5iywBqt/FB7sZdqu8=,FALSE,instructor_744,FALSE,TRUE,instructor,Instructor,400,
745,pbkdf2_sha256$390000$Rd0scfcAkVNSrZXBMvcreU$v+C2L91avAb0lQd8a4+xbwf6LQ5iywBqt/FB7sZdqu8=,FALSE,instructor_745,FALSE,TRUE,instructor,Instructor,400,
746,pbkdf2_sha256$390000$Rd0scfcAkVNSrZXBMvcreU$v+C2L91avAb0lQd8a4+xbwf6LQ5iywBqt/FB7sZdqu8=,FALSE,instructor_746,FALSE,TRUE,instructor,Instructor,400,
747,pbkdf2_sha256$390000$Rd0scfcAkVNSrZXBMvcreU$v+C2L91avAb0lQd8a4+xbwf6LQ5iywBqt/FB7sZdqu8=,FALSE,instructor_747,FALSE,TRUE,instructor,Instructor,400,
748,pbkdf2_sha256$390000$Rd0scfcAkVNSrZXBMvcreU$v+C2L91avAb0lQd8a4+xbwf6LQ5iywBqt/FB7sZdqu8=,FALSE,instructor_748,FALSE,TRUE,instructor,Instructor,400,
749,pbkdf2_sha256$390000$Rd0scfcAkVNSrZXBMvcreU$v+C2L91avAb0lQd8a4+xbwf6LQ5iywBqt/FB7sZdqu8=,FALSE,instructor_749,FALSE,TRUE,instructor,Instructor,400,
750,pbkdf2_sha256$390000$Rd0scfcAkVNSrZXBMvcreU$v+C2L91avAb0lQd8a4+xbwf6LQ5iywBqt/FB7sZdqu8=,FALSE,instructor_750,FALSE,TRUE,instructor,Instructor,400,
751,pbkdf2_sha256$390000$Rd0scfcAkVNSrZXBMvcreU$v+C2L91avAb0lQd8a4+xbwf6LQ5iywBqt/FB7sZdqu8=,FALSE,instructor_751,FALSE,TRUE,instructor,Instructor,400,
752,pbkdf2_sha256$390000$Rd0scfcAkVNSrZXBMvcreU$v+C2L91avAb0lQd8a4+xbwf6LQ5iywBqt/FB7sZdqu8=,FALSE,instructor_752,FALSE,TRUE,instructor,Instructor,400,
753,pbkdf2_sha256$390000$Rd0scfcAkVNSrZXBMvcreU$v+C2L91avAb0lQd8a4+xbwf6LQ5iywBqt/FB7sZdqu8=,FALSE,instructor_753,FALSE,TRUE,instructor,Instructor,400,
754,pbkdf2_sha256$390000$Rd0scfcAkVNSrZXBMvcreU$v+C2L91avAb0lQd8a4+xbwf6LQ5iywBqt/FB7sZdqu8=,FALSE,instructor_754,FALSE,TRUE,instructor,Instructor,400,
755,pbkdf2_sha256$390000$Rd0scfcAkVNSrZXBMvcreU$v+C2L91avAb0lQd8a4+xbwf6LQ5iywBqt/FB7sZdqu8=,FALSE,instructor_755,FALSE,TRUE,instructor,Instructor,400,
756,pbkdf2_sha256$390000$Rd0scfcAkVNSrZXBMvcreU$v+C2L91avAb0lQd8a4+xbwf6LQ5iywBqt/FB7sZdqu8=,FALSE,instructor_756,FALSE,TRUE,instructor,Instructor,400,
757,pbkdf2_sha256$390000$Rd0scfcAkVNSrZXBMvcreU$v+C2L91avAb0lQd8a4+xbwf6LQ5iywBqt/FB7sZdqu8=,FALSE,instructor_757,FALSE,TRUE,instructor,Instructor,400,
758,pbkdf2_sha256$390000$Rd0scfcAkVNSrZXBMvcreU$v+C2L91avAb0lQd8a4+xbwf6LQ5iywBqt/FB7sZdqu8=,FALSE,instructor_758,FALSE,TRUE,instructor,Instructor,400,
759,pbkdf2_sha256$390000$Rd0scfcAkVNSrZXBMvcreU$v+C2L91avAb0lQd8a4+xbwf6LQ5iywBqt/FB7sZdqu8=,FALSE,instructor_759,FALSE,TRUE,instructor,Instructor,400,
760,pbkdf2_sha256$390000$Rd0scfcAkVNSrZXBMvcreU$v+C2L91avAb0lQd8a4+xbwf6LQ5iywBqt/FB7sZdqu8=,FALSE,instructor_760,FALSE,TRUE,instructor,Instructor,400,
761,pbkdf2_sha256$390000$Rd0scfcAkVNSrZXBMvcreU$v+C2L91avAb0lQd8a4+xbwf6LQ5iywBqt/FB7sZdqu8=,FALSE,instructor_761,FALSE,TRUE,instructor,Instructor,400,
762,pbkdf2_sha256$390000$Rd0scfcAkVNSrZXBMvcreU$v+C2L91avAb0lQd8a4+xbwf6LQ5iywBqt/FB7sZdqu8=,FALSE,instructor_762,FALSE,TRUE,instructor,Instructor,400,
763,pbkdf2_sha256$390000$Rd0scfcAkVNSrZXBMvcreU$v+C2L91avAb0lQd8a4+xbwf6LQ5iywBqt/FB7sZdqu8=,FALSE,instructor_763,FALSE,TRUE,instructor,Instructor,400,
764,pbkdf2_sha256$390000$Rd0scfcAkVNSrZXBMvcreU$v+C2L91avAb0lQd8a4+xbwf6LQ5iywBqt/FB7sZdqu8=,FALSE,instructor_764,FALSE,TRUE,instructor,Instructor,400,
765,pbkdf2_sha256$390000$Rd0scfcAkVNSrZXBMvcreU$v+C2L91avAb0lQd8a4+xbwf6LQ5iywBqt/FB7sZdqu8=,FALSE,instructor_765,FALSE,TRUE,instructor,Instructor,400,
766,pbkdf2_sha256$390000$Rd0scfcAkVNSrZXBMvcreU$v+C2L91avAb0lQd8a4+xbwf6LQ5iywBqt/FB7sZdqu8=,FALSE,instructor_766,FALSE,TRUE,instructor,Instructor,400,
767,pbkdf2_sha256$390000$Rd0scfcAkVNSrZXBMvcreU$v+C2L91avAb0lQd8a4+xbwf6LQ5iywBqt/FB7sZdqu8=,FALSE,instructor_767,FALSE,TRUE,instructor,Instructor,400,
768,pbkdf2_sha256$390000$Rd0scfcAkVNSrZXBMvcreU$v+C2L91avAb0lQd8a4+xbwf6LQ5iywBqt/FB7sZdqu8=,FALSE,instructor_768,FALSE,TRUE,instructor,Instructor,400,
769,pbkdf2_sha256$390000$Rd0scfcAkVNSrZXBMvcreU$v+C2L91avAb0lQd8a4+xbwf6LQ5iywBqt/FB7sZdqu8=,FALSE,instructor_769,FALSE,TRUE,instructor,Instructor,400,
770,pbkdf2_sha256$390000$Rd0scfcAkVNSrZXBMvcreU$v+C2L91avAb0lQd8a4+xbwf6LQ5iywBqt/FB7sZdqu8=,FALSE,instructor_770,FALSE,TRUE,instructor,Instructor,400,
771,pbkdf2_sha256$390000$Rd0scfcAkVNSrZXBMvcreU$v+C2L91avAb0lQd8a4+xbwf6LQ5iywBqt/FB7sZdqu8=,FALSE,instructor_771,FALSE,TRUE,instructor,Instructor,400,
772,pbkdf2_sha256$390000$Rd0scfcAkVNSrZXBMvcreU$v+C2L91avAb0lQd8a4+xbwf6LQ5iywBqt/FB7sZdqu8=,FALSE,instructor_772,FALSE,TRUE,instructor,Instructor,400,
773,pbkdf2_sha256$390000$Rd0scfcAkVNSrZXBMvcreU$v+C2L91avAb0lQd8a4+xbwf6LQ5iywBqt/FB7sZdqu8=,FALSE,instructor_773,FALSE,TRUE,instructor,Instructor,400,
774,pbkdf2_sha256$390000$Rd0scfcAkVNSrZXBMvcreU$v+C2L91avAb0lQd8a4+xbwf6LQ5iywBqt/FB7sZdqu8=,FALSE,instructor_774,FALSE,TRUE,instructor,Instructor,400,
775,pbkdf2_sha256$390000$Rd0scfcAkVNSrZXBMvcreU$v+C2L91avAb0lQd8a4+xbwf6LQ5iywBqt/FB7sZdqu8=,FALSE,instructor_775,FALSE,TRUE,instructor,Instructor,400,
776,pbkdf2_sha256$390000$Rd0scfcAkVNSrZXBMvcreU$v+C2L91avAb0lQd8a4+xbwf6LQ5iywBqt/FB7sZdqu8=,FALSE,instructor_776,FALSE,TRUE,instructor,Instructor,400,
777,pbkdf2_sha256$390000$Rd0scfcAkVNSrZXBMvcreU$v+C2L91avAb0lQd8a4+xbwf6LQ5iywBqt/FB7sZdqu8=,FALSE,instructor_777,FALSE,TRUE,instructor,Instructor,400,
778,pbkdf2_sha256$390000$Rd0scfcAkVNSrZXBMvcreU$v+C2L91avAb0lQd8a4+xbwf6LQ5iywBqt/FB7sZdqu8=,FALSE,instructor_778,FALSE,TRUE,instructor,Instructor,400,
779,pbkdf2_sha256$390000$Rd0scfcAkVNSrZXBMvcreU$v+C2L91avAb0lQd8a4+xbwf6LQ5iywBqt/FB7sZdqu8=,FALSE,instructor_779,FALSE,TRUE,instructor,Instructor,400,
780,pbkdf2_sha256$390000$Rd0scfcAkVNSrZXBMvcreU$v+C2L91avAb0lQd8a4+xbwf6LQ5iywBqt/FB7sZdqu8=,FALSE,instructor_780,FALSE,TRUE,instructor,Instructor,400,
781,pbkdf2_sha256$390000$Rd0scfcAkVNSrZXBMvcreU$v+C2L91avAb0lQd8a4+xbwf6LQ5iywBqt/FB7sZdqu8=,FALSE,instructor_781,FALSE,TRUE,instructor,Instructor,400,
782,pbkdf2_sha256$390000$Rd0scfcAkVNSrZXBMvcreU$v+C2L91avAb0lQd8a4+xbwf6LQ5iywBqt/FB7sZdqu8=,FALSE,instructor_782,FALSE,TRUE,instructor,Instructor,400,
783,pbkdf2_sha256$390000$Rd0scfcAkVNSrZXBMvcreU$v+C2L91avAb0lQd8a4+xbwf6LQ5iywBqt/FB7sZdqu8=,FALSE,instructor_783,FALSE,TRUE,instructor,Instructor,400,
784,pbkdf2_sha256$390000$Rd0scfcAkVNSrZXBMvcreU$v+C2L91avAb0lQd8a4+xbwf6LQ5iywBqt/FB7sZdqu8=,FALSE,instructor_784,FALSE,TRUE,instructor,Instructor,400,
785,pbkdf2_sha256$390000$Rd0scfcAkVNSrZXBMvcreU$v+C2L91avAb0lQd8a4+xbwf6LQ5iywBqt/FB7sZdqu8=,FALSE,instructor_785,FALSE,TRUE,instructor,Instructor,400,
786,pbkdf2_sha256$390000$Rd0scfcAkVNSrZXBMvcreU$v+C2L91avAb0lQd8a4+xbwf6LQ5iywBqt/FB7sZdqu8=,FALSE,instructor_786,FALSE,TRUE,instructor,Instructor,400,
787,pbkdf2_sha256$390000$Rd0scfcAkVNSrZXBMvcreU$v+C2L91avAb0lQd8a4+xbwf6LQ5iywBqt/FB7sZdqu8=,FALSE,instructor_787,FALSE,TRUE,instructor,Instructor,400,
788,pbkdf2_sha256$390000$Rd0scfcAkVNSrZXBMvcreU$v+C2L91avAb0lQd8a4+xbwf6LQ5iywBqt/FB7sZdqu8=,FALSE,instructor_788,FALSE,TRUE,instructor,Instructor,400,
789,pbkdf2_sha256$390000$Rd0scfcAkVNSrZXBMvcreU$v+C2L91avAb0lQd8a4+xbwf6LQ5iywBqt/FB7sZdqu8=,FALSE,instructor_789,FALSE,TRUE,instructor,Instructor,400,
790,pbkdf2_sha256$390000$Rd0scfcAkVNSrZXBMvcreU$v+C2L91avAb0lQd8a4+xbwf6LQ5iywBqt/FB7sZdqu8=,FALSE,instructor_790,FALSE,TRUE,instructor,Instructor,400,
791,pbkdf2_sha256$390000$Rd0scfcAkVNSrZXBMvcreU$v+C2L91avAb0lQd8a4+xbwf6LQ5iywBqt/FB7sZdqu8=,FALSE,instructor_791,FALSE,TRUE,instructor,Instructor,400,
792,pbkdf2_sha256$390000$Rd0scfcAkVNSrZXBMvcreU$v+C2L91avAb0lQd8a4+xbwf6LQ5iywBqt/FB7sZdqu8=,FALSE,instructor_792,FALSE,TRUE,instructor,Instructor,400,
793,pbkdf2_sha256$390000$Rd0scfcAkVNSrZXBMvcreU$v+C2L91avAb0lQd8a4+xbwf6LQ5iywBqt/FB7sZdqu8=,FALSE,instructor_793,FALSE,TRUE,instructor,Instructor,400,
794,pbkdf2_sha256$390000$Rd0scfcAkVNSrZXBMvcreU$v+C2L91avAb0lQd8a4+xbwf6LQ5iywBqt/FB7sZdqu8=,FALSE,instructor_794,FALSE,TRUE,instructor,Instructor,400,
795,pbkdf2_sha256$390000$Rd0scfcAkVNSrZXBMvcreU$v+C2L91avAb0lQd8a4+xbwf6LQ5iywBqt/FB7sZdqu8=,FALSE,instructor_795,FALSE,TRUE,instructor,Instructor,400,
796,pbkdf2_sha256$390000$Rd0scfcAkVNSrZXBMvcreU$v+C2L91avAb0lQd8a4+xbwf6LQ5iywBqt/FB7sZdqu8=,FALSE,instructor_796,FALSE,TRUE,instructor,Instructor,400,
797,pbkdf2_sha256$390000$Rd0scfcAkVNSrZXBMvcreU$v+C2L91avAb0lQd8a4+xbwf6LQ5iywBqt/FB7sZdqu8=,FALSE,instructor_797,FALSE,TRUE,instructor,Instructor,400,
798,pbkdf2_sha256$390000$Rd0scfcAkVNSrZXBMvcreU$v+C2L91avAb0lQd8a4+xbwf6LQ5iywBqt/FB7sZdqu8=,FALSE,instructor_798,FALSE,TRUE,instructor,Instructor,400,
799,pbkdf2_sha256$390000$Rd0scfcAkVNSrZXBMvcreU$v+C2L91avAb0lQd8a4+xbwf6LQ5iywBqt/FB7sZdqu8=,FALSE,instructor_799,FALSE,TRUE,instructor,Instructor,400,
801,pbkdf2_sha256$390000$Rd0scfcAkVNSrZXBMvcreU$v+C2L91avAb0lQd8a4+xbwf6LQ5iywBqt/FB7sZdqu8=,FALSE,vip_801,FALSE,TRUE,vip,VIP,801,
802,pbkdf2_sha256$390000$Rd0scfcAkVNSrZXBMvcreU$v+C2L91avAb0lQd8a4+xbwf6LQ5iywBqt/FB7sZdqu8=,FALSE,vip_802,FALSE,TRUE,vip,VIP,802,
803,pbkdf2_sha256$390000$Rd0scfcAkVNSrZXBMvcreU$v+C2L91avAb0lQd8a4+xbwf6LQ5iywBqt/FB7sZdqu8=,FALSE,vip_803,FALSE,TRUE,vip,VIP,803,
804,pbkdf2_sha256$390000$Rd0scfcAkVNSrZXBMvcreU$v+C2L91avAb0lQd8a4+xbwf6LQ5iywBqt/FB7sZdqu8=,FALSE,vip_804,FALSE,TRUE,vip,VIP,804,
805,pbkdf2_sha256$390000$Rd0scfcAkVNSrZXBMvcreU$v+C2L91avAb0lQd8a4+xbwf6LQ5iywBqt/FB7sZdqu8=,FALSE,vip_805,FALSE,TRUE,vip,VIP,805,
806,pbkdf2_sha256$390000$Rd0scfcAkVNSrZXBMvcreU$v+C2L91avAb0lQd8a4+xbwf6LQ5iywBqt/FB7sZdqu8=,FALSE,vip_806,FALSE,TRUE,vip,VIP,806,
807,pbkdf2_sha256$390000$Rd0scfcAkVNSrZXBMvcreU$v+C2L91avAb0lQd8a4+xbwf6LQ5iywBqt/FB7sZdqu8=,FALSE,vip_807,FALSE,TRUE,vip,VIP,807,
808,pbkdf2_sha256$390000$Rd0scfcAkVNSrZXBMvcreU$v+C2L91avAb0lQd8a4+xbwf6LQ5iywBqt/FB7sZdqu8=,FALSE,vip_808,FALSE,TRUE,vip,VIP,808,
809,pbkdf2_sha256$390000$Rd0scfcAkVNSrZXBMvcreU$v+C2L91avAb0lQd8a4+xbwf6LQ5iywBqt/FB7sZdqu8=,FALSE,vip_809,FALSE,TRUE,vip,VIP,809,
810,pbkdf2_sha256$390000$Rd0scfcAkVNSrZXBMvcreU$v+C2L91avAb0lQd8a4+xbwf6LQ5iywBqt/FB7sZdqu8=,FALSE,vip_810,FALSE,TRUE,vip,VIP,810,
811,pbkdf2_sha256$390000$Rd0scfcAkVNSrZXBMvcreU$v+C2L91avAb0lQd8a4+xbwf6LQ5iywBqt/FB7sZdqu8=,FALSE,vip_811,FALSE,TRUE,vip,VIP,811,
812,pbkdf2_sha256$390000$Rd0scfcAkVNSrZXBMvcreU$v+C2L91avAb0lQd8a4+xbwf6LQ5iywBqt/FB7sZdqu8=,FALSE,vip_812,FALSE,TRUE,vip,VIP,812,
813,pbkdf2_sha256$390000$Rd0scfcAkVNSrZXBMvcreU$v+C2L91avAb0lQd8a4+xbwf6LQ5iywBqt/FB7sZdqu8=,FALSE,vip_813,FALSE,TRUE,vip,VIP,813,
814,pbkdf2_sha256$390000$Rd0scfcAkVNSrZXBMvcreU$v+C2L91avAb0lQd8a4+xbwf6LQ5iywBqt/FB7sZdqu8=,FALSE,vip_814,FALSE,TRUE,vip,VIP,814,
815,pbkdf2_sha256$390000$Rd0scfcAkVNSrZXBMvcreU$v+C2L91avAb0lQd8a4+xbwf6LQ5iywBqt/FB7sZdqu8=,FALSE,vip_815,FALSE,TRUE,vip,VIP,815,
816,pbkdf2_sha256$390000$Rd0scfcAkVNSrZXBMvcreU$v+C2L91avAb0lQd8a4+xbwf6LQ5iywBqt/FB7sZdqu8=,FALSE,vip_816,FALSE,TRUE,vip,VIP,816,
817,pbkdf2_sha256$390000$Rd0scfcAkVNSrZXBMvcreU$v+C2L91avAb0lQd8a4+xbwf6LQ5iywBqt/FB7sZdqu8=,FALSE,vip_817,FALSE,TRUE,vip,VIP,817,
818,pbkdf2_sha256$390000$Rd0scfcAkVNSrZXBMvcreU$v+C2L91avAb0lQd8a4+xbwf6LQ5iywBqt/FB7sZdqu8=,FALSE,vip_818,FALSE,TRUE,vip,VIP,818,
819,pbkdf2_sha256$390000$Rd0scfcAkVNSrZXBMvcreU$v+C2L91avAb0lQd8a4+xbwf6LQ5iywBqt/FB7sZdqu8=,FALSE,vip_819,FALSE,TRUE,vip,VIP,819,
820,pbkdf2_sha256$390000$Rd0scfcAkVNSrZXBMvcreU$v+C2L91avAb0lQd8a4+xbwf6LQ5iywBqt/FB7sZdqu8=,FALSE,vip_820,FALSE,TRUE,vip,VIP,820,
821,pbkdf2_sha256$390000$Rd0scfcAkVNSrZXBMvcreU$v+C2L91avAb0lQd8a4+xbwf6LQ5iywBqt/FB7sZdqu8=,FALSE,vip_821,FALSE,TRUE,vip,VIP,821,
822,pbkdf2_sha256$390000$Rd0scfcAkVNSrZXBMvcreU$v+C2L91avAb0lQd8a4+xbwf6LQ5iywBqt/FB7sZdqu8=,FALSE,vip_822,FALSE,TRUE,vip,VIP,822,
823,pbkdf2_sha256$390000$Rd0scfcAkVNSrZXBMvcreU$v+C2L91avAb0lQd8a4+xbwf6LQ5iywBqt/FB7sZdqu8=,FALSE,vip_823,FALSE,TRUE,vip,VIP,823,
824,pbkdf2_sha256$390000$Rd0scfcAkVNSrZXBMvcreU$v+C2L91avAb0lQd8a4+xbwf6LQ5iywBqt/FB7sZdqu8=,FALSE,vip_824,FALSE,TRUE,vip,VIP,824,
825,pbkdf2_sha256$390000$Rd0scfcAkVNSrZXBMvcreU$v+C2L91avAb0lQd8a4+xbwf6LQ5iywBqt/FB7sZdqu8=,FALSE,vip_825,FALSE,TRUE,vip,VIP,825,
826,pbkdf2_sha256$390000$Rd0scfcAkVNSrZXBMvcreU$v+C2L91avAb0lQd8a4+xbwf6LQ5iywBqt/FB7sZdqu8=,FALSE,vip_826,FALSE,TRUE,vip,VIP,826,
827,pbkdf2_sha256$390000$Rd0scfcAkVNSrZXBMvcreU$v+C2L91avAb0lQd8a4+xbwf6LQ5iywBqt/FB7sZdqu8=,FALSE,vip_827,FALSE,TRUE,vip,VIP,827,
828,pbkdf2_sha256$390000$Rd0scfcAkVNSrZXBMvcreU$v+C2L91avAb0lQd8a4+xbwf6LQ5iywBqt/FB7sZdqu8=,FALSE,vip_828,FALSE,TRUE,vip,VIP,828,
829,pbkdf2_sha256$390000$Rd0scfcAkVNSrZXBMvcreU$v+C2L91avAb0lQd8a4+xbwf6LQ5iywBqt/FB7sZdqu8=,FALSE,vip_829,FALSE,TRUE,vip,VIP,829,
830,pbkdf2_sha256$390000$Rd0scfcAkVNSrZXBMvcreU$v+C2L91avAb0lQd8a4+xbwf6LQ5iywBqt/FB7sZdqu8=,FALSE,vip_830,FALSE,TRUE,vip,VIP,830,
831,pbkdf2_sha256$390000$Rd0scfcAkVNSrZXBMvcreU$v+C2L91avAb0lQd8a4+xbwf6LQ5iywBqt/FB7sZdqu8=,FALSE,vip_831,FALSE,TRUE,vip,VIP,831,
832,pbkdf2_sha256$390000$Rd0scfcAkVNSrZXBMvcreU$v+C2L91avAb0lQd8a4+xbwf6LQ5iywBqt/FB7sZdqu8=,FALSE,vip_832,FALSE,TRUE,vip,VIP,832,
833,pbkdf2_sha256$390000$Rd0scfcAkVNSrZXBMvcreU$v+C2L91avAb0lQd8a4+xbwf6LQ5iywBqt/FB7sZdqu8=,FALSE,vip_833,FALSE,TRUE,vip,VIP,833,
834,pbkdf2_sha256$390000$Rd0scfcAkVNSrZXBMvcreU$v+C2L91avAb0lQd8a4+xbwf6LQ5iywBqt/FB7sZdqu8=,FALSE,vip_834,FALSE,TRUE,vip,VIP,834,
835,pbkdf2_sha256$390000$Rd0scfcAkVNSrZXBMvcreU$v+C2L91avAb0lQd8a4+xbwf6LQ5iywBqt/FB7sZdqu8=,FALSE,vip_835,FALSE,TRUE,vip,VIP,835,
836,pbkdf2_sha256$390000$Rd0scfcAkVNSrZXBMvcreU$v+C2L91avAb0lQd8a4+xbwf6LQ5iywBqt/FB7sZdqu8=,FALSE,vip_836,FALSE,TRUE,vip,VIP,836,
837,pbkdf2_sha256$390000$Rd0scfcAkVNSrZXBMvcreU$v+C2L91avAb0lQd8a4+xbwf6LQ5iywBqt/FB7sZdqu8=,FALSE,vip_837,FALSE,TRUE,vip,VIP,837,
838,pbkdf2_sha256$390000$Rd0scfcAkVNSrZXBMvcreU$v+C2L91avAb0lQd8a4+xbwf6LQ5iywBqt/FB7sZdqu8=,FALSE,vip_838,FALSE,TRUE,vip,VIP,838,
839,pbkdf2_sha256$390000$Rd0scfcAkVNSrZXBMvcreU$v+C2L91avAb0lQd8a4+xbwf6LQ5iywBqt/FB7sZdqu8=,FALSE,vip_839,FALSE,TRUE,vip,VIP,839,
840,pbkdf2_sha256$390000$Rd0scfcAkVNSrZXBMvcreU$v+C2L91avAb0lQd8a4+xbwf6LQ5iywBqt/FB7sZdqu8=,FALSE,vip_840,FALSE,TRUE,vip,VIP,840,
841,pbkdf2_sha256$390000$Rd0scfcAkVNSrZXBMvcreU$v+C2L91avAb0lQd8a4+xbwf6LQ5iywBqt/FB7sZdqu8=,FALSE,vip_841,FALSE,TRUE,vip,VIP,841,
842,pbkdf2_sha256$390000$Rd0scfcAkVNSrZXBMvcreU$v+C2L91avAb0lQd8a4+xbwf6LQ5iywBqt/FB7sZdqu8=,FALSE,vip_842,FALSE,TRUE,vip,VIP,842,
843,pbkdf2_sha256$390000$Rd0scfcAkVNSrZXBMvcreU$v+C2L91avAb0lQd8a4+xbwf6LQ5iywBqt/FB7sZdqu8=,FALSE,vip_843,FALSE,TRUE,vip,VIP,843,
844,pbkdf2_sha256$390000$Rd0scfcAkVNSrZXBMvcreU$v+C2L91avAb0lQd8a4+xbwf6LQ5iywBqt/FB7sZdqu8=,FALSE,vip_844,FALSE,TRUE,vip,VIP,844,
845,pbkdf2_sha256$390000$Rd0scfcAkVNSrZXBMvcreU$v+C2L91avAb0lQd8a4+xbwf6LQ5iywBqt/FB7sZdqu8=,FALSE,vip_845,FALSE,TRUE,vip,VIP,845,
846,pbkdf2_sha256$390000$Rd0scfcAkVNSrZXBMvcreU$v+C2L91avAb0lQd8a4+xbwf6LQ5iywBqt/FB7sZdqu8=,FALSE,vip_846,FALSE,TRUE,vip,VIP,846,
847,pbkdf2_sha256$390000$Rd0scfcAkVNSrZXBMvcreU$v+C2L91avAb0lQd8a4+xbwf6LQ5iywBqt/FB7sZdqu8=,FALSE,vip_847,FALSE,TRUE,vip,VIP,847,
848,pbkdf2_sha256$390000$Rd0scfcAkVNSrZXBMvcreU$v+C2L91avAb0lQd8a4+xbwf6LQ5iywBqt/FB7sZdqu8=,FALSE,vip_848,FALSE,TRUE,vip,VIP,848,
849,pbkdf2_sha256$390000$Rd0scfcAkVNSrZXBMvcreU$v+C2L91avAb0lQd8a4+xbwf6LQ5iywBqt/FB7sZdqu8=,FALSE,vip_849,FALSE,TRUE,vip,VIP,849,
850,pbkdf2_sha256$390000$Rd0scfcAkVNSrZXBMvcreU$v+C2L91avAb0lQd8a4+xbwf6LQ5iywBqt/FB7sZdqu8=,FALSE,vip_850,FALSE,TRUE,vip,VIP,850,
851,pbkdf2_sha256$390000$Rd0scfcAkVNSrZXBMvcreU$v+C2L91avAb0lQd8a4+xbwf6LQ5iywBqt/FB7sZdqu8=,FALSE,vip_851,FALSE,TRUE,vip,VIP,851,
852,pbkdf2_sha256$390000$Rd0scfcAkVNSrZXBMvcreU$v+C2L91avAb0lQd8a4+xbwf6LQ5iywBqt/FB7sZdqu8=,FALSE,vip_852,FALSE,TRUE,vip,VIP,852,
853,pbkdf2_sha256$390000$Rd0scfcAkVNSrZXBMvcreU$v+C2L91avAb0lQd8a4+xbwf6LQ5iywBqt/FB7sZdqu8=,FALSE,vip_853,FALSE,TRUE,vip,VIP,853,
854,pbkdf2_sha256$390000$Rd0scfcAkVNSrZXBMvcreU$v+C2L91avAb0lQd8a4+xbwf6LQ5iywBqt/FB7sZdqu8=,FALSE,vip_854,FALSE,TRUE,vip,VIP,854,
855,pbkdf2_sha256$390000$Rd0scfcAkVNSrZXBMvcreU$v+C2L91avAb0lQd8a4+xbwf6LQ5iywBqt/FB7sZdqu8=,FALSE,vip_855,FALSE,TRUE,vip,VIP,855,
856,pbkdf2_sha256$390000$Rd0scfcAkVNSrZXBMvcreU$v+C2L91avAb0lQd8a4+xbwf6LQ5iywBqt/FB7sZdqu8=,FALSE,vip_856,FALSE,TRUE,vip,VIP,856,
857,pbkdf2_sha256$390000$Rd0scfcAkVNSrZXBMvcreU$v+C2L91avAb0lQd8a4+xbwf6LQ5iywBqt/FB7sZdqu8=,FALSE,vip_857,FALSE,TRUE,vip,VIP,857,
858,pbkdf2_sha256$390000$Rd0scfcAkVNSrZXBMvcreU$v+C2L91avAb0lQd8a4+xbwf6LQ5iywBqt/FB7sZdqu8=,FALSE,vip_858,FALSE,TRUE,vip,VIP,858,
859,pbkdf2_sha256$390000$Rd0scfcAkVNSrZXBMvcreU$v+C2L91avAb0lQd8a4+xbwf6LQ5iywBqt/FB7sZdqu8=,FALSE,vip_859,FALSE,TRUE,vip,VIP,859,
860,pbkdf2_sha256$390000$Rd0scfcAkVNSrZXBMvcreU$v+C2L91avAb0lQd8a4+xbwf6LQ5iywBqt/FB7sZdqu8=,FALSE,vip_860,FALSE,TRUE,vip,VIP,860,
861,pbkdf2_sha256$390000$Rd0scfcAkVNSrZXBMvcreU$v+C2L91avAb0lQd8a4+xbwf6LQ5iywBqt/FB7sZdqu8=,FALSE,vip_861,FALSE,TRUE,vip,VIP,861,
862,pbkdf2_sha256$390000$Rd0scfcAkVNSrZXBMvcreU$v+C2L91avAb0lQd8a4+xbwf6LQ5iywBqt/FB7sZdqu8=,FALSE,vip_862,FALSE,TRUE,vip,VIP,862,
863,pbkdf2_sha256$390000$Rd0scfcAkVNSrZXBMvcreU$v+C2L91avAb0lQd8a4+xbwf6LQ5iywBqt/FB7sZdqu8=,FALSE,vip_863,FALSE,TRUE,vip,VIP,863,
864,pbkdf2_sha256$390000$Rd0scfcAkVNSrZXBMvcreU$v+C2L91avAb0lQd8a4+xbwf6LQ5iywBqt/FB7sZdqu8=,FALSE,vip_864,FALSE,TRUE,vip,VIP,864,
865,pbkdf2_sha256$390000$Rd0scfcAkVNSrZXBMvcreU$v+C2L91avAb0lQd8a4+xbwf6LQ5iywBqt/FB7sZdqu8=,FALSE,vip_865,FALSE,TRUE,vip,VIP,865,
866,pbkdf2_sha256$390000$Rd0scfcAkVNSrZXBMvcreU$v+C2L91avAb0lQd8a4+xbwf6LQ5iywBqt/FB7sZdqu8=,FALSE,vip_866,FALSE,TRUE,vip,VIP,866,
867,pbkdf2_sha256$390000$Rd0scfcAkVNSrZXBMvcreU$v+C2L91avAb0lQd8a4+xbwf6LQ5iywBqt/FB7sZdqu8=,FALSE,vip_867,FALSE,TRUE,vip,VIP,867,
868,pbkdf2_sha256$390000$Rd0scfcAkVNSrZXBMvcreU$v+C2L91avAb0lQd8a4+xbwf6LQ5iywBqt/FB7sZdqu8=,FALSE,vip_868,FALSE,TRUE,vip,VIP,868,
869,pbkdf2_sha256$390000$Rd0scfcAkVNSrZXBMvcreU$v+C2L91avAb0lQd8a4+xbwf6LQ5iywBqt/FB7sZdqu8=,FALSE,vip_869,FALSE,TRUE,vip,VIP,869,
870,pbkdf2_sha256$390000$Rd0scfcAkVNSrZXBMvcreU$v+C2L91avAb0lQd8a4+xbwf6LQ5iywBqt/FB7sZdqu8=,FALSE,vip_870,FALSE,TRUE,vip,VIP,870,
871,pbkdf2_sha256$390000$Rd0scfcAkVNSrZXBMvcreU$v+C2L91avAb0lQd8a4+xbwf6LQ5iywBqt/FB7sZdqu8=,FALSE,vip_871,FALSE,TRUE,vip,VIP,871,
872,pbkdf2_sha256$390000$Rd0scfcAkVNSrZXBMvcreU$v+C2L91avAb0lQd8a4+xbwf6LQ5iywBqt/FB7sZdqu8=,FALSE,vip_872,FALSE,TRUE,vip,VIP,872,
873,pbkdf2_sha256$390000$Rd0scfcAkVNSrZXBMvcreU$v+C2L91avAb0lQd8a4+xbwf6LQ5iywBqt/FB7sZdqu8=,FALSE,vip_873,FALSE,TRUE,vip,VIP,873,
874,pbkdf2_sha256$390000$Rd0scfcAkVNSrZXBMvcreU$v+C2L91avAb0lQd8a4+xbwf6LQ5iywBqt/FB7sZdqu8=,FALSE,vip_874,FALSE,TRUE,vip,VIP,874,
875,pbkdf2_sha256$390000$Rd0scfcAkVNSrZXBMvcreU$v+C2L91avAb0lQd8a4+xbwf6LQ5iywBqt/FB7sZdqu8=,FALSE,vip_875,FALSE,TRUE,vip,VIP,875,
876,pbkdf2_sha256$390000$Rd0scfcAkVNSrZXBMvcreU$v+C2L91avAb0lQd8a4+xbwf6LQ5iywBqt/FB7sZdqu8=,FALSE,vip_876,FALSE,TRUE,vip,VIP,876,
877,pbkdf2_sha256$390000$Rd0scfcAkVNSrZXBMvcreU$v+C2L91avAb0lQd8a4+xbwf6LQ5iywBqt/FB7sZdqu8=,FALSE,vip_877,FALSE,TRUE,vip,VIP,877,
878,pbkdf2_sha256$390000$Rd0scfcAkVNSrZXBMvcreU$v+C2L91avAb0lQd8a4+xbwf6LQ5iywBqt/FB7sZdqu8=,FALSE,vip_878,FALSE,TRUE,vip,VIP,878,
879,pbkdf2_sha256$390000$Rd0scfcAkVNSrZXBMvcreU$v+C2L91avAb0lQd8a4+xbwf6LQ5iywBqt/FB7sZdqu8=,FALSE,vip_879,FALSE,TRUE,vip,VIP,879,
880,pbkdf2_sha256$390000$Rd0scfcAkVNSrZXBMvcreU$v+C2L91avAb0lQd8a4+xbwf6LQ5iywBqt/FB7sZdqu8=,FALSE,vip_880,FALSE,TRUE,vip,VIP,880,
881,pbkdf2_sha256$390000$Rd0scfcAkVNSrZXBMvcreU$v+C2L91avAb0lQd8a4+xbwf6LQ5iywBqt/FB7sZdqu8=,FALSE,vip_881,FALSE,TRUE,vip,VIP,881,
882,pbkdf2_sha256$390000$Rd0scfcAkVNSrZXBMvcreU$v+C2L91avAb0lQd8a4+xbwf6LQ5iywBqt/FB7sZdqu8=,FALSE,vip_882,FALSE,TRUE,vip,VIP,882,
883,pbkdf2_sha256$390000$Rd0scfcAkVNSrZXBMvcreU$v+C2L91avAb0lQd8a4+xbwf6LQ5iywBqt/FB7sZdqu8=,FALSE,vip_883,FALSE,TRUE,vip,VIP,883,
884,pbkdf2_sha256$390000$Rd0scfcAkVNSrZXBMvcreU$v+C2L91avAb0lQd8a4+xbwf6LQ5iywBqt/FB7sZdqu8=,FALSE,vip_884,FALSE,TRUE,vip,VIP,884,
885,pbkdf2_sha256$390000$Rd0scfcAkVNSrZXBMvcreU$v+C2L91avAb0lQd8a4+xbwf6LQ5iywBqt/FB7sZdqu8=,FALSE,vip_885,FALSE,TRUE,vip,VIP,885,
886,pbkdf2_sha256$390000$Rd0scfcAkVNSrZXBMvcreU$v+C2L91avAb0lQd8a4+xbwf6LQ5iywBqt/FB7sZdqu8=,FALSE,vip_886,FALSE,TRUE,vip,VIP,886,
887,pbkdf2_sha256$390000$Rd0scfcAkVNSrZXBMvcreU$v+C2L91avAb0lQd8a4+xbwf6LQ5iywBqt/FB7sZdqu8=,FALSE,vip_887,FALSE,TRUE,vip,VIP,887,
888,pbkdf2_sha256$390000$Rd0scfcAkVNSrZXBMvcreU$v+C2L91avAb0lQd8a4+xbwf6LQ5iywBqt/FB7sZdqu8=,FALSE,vip_888,FALSE,TRUE,vip,VIP,888,
889,pbkdf2_sha256$390000$Rd0scfcAkVNSrZXBMvcreU$v+C2L91avAb0lQd8a4+xbwf6LQ5iywBqt/FB7sZdqu8=,FALSE,vip_889,FALSE,TRUE,vip,VIP,889,
890,pbkdf2_sha256$390000$Rd0scfcAkVNSrZXBMvcreU$v+C2L91avAb0lQd8a4+xbwf6LQ5iywBqt/FB7sZdqu8=,FALSE,vip_890,FALSE,TRUE,vip,VIP,890,
891,pbkdf2_sha256$390000$Rd0scfcAkVNSrZXBMvcreU$v+C2L91avAb0lQd8a4+xbwf6LQ5iywBqt/FB7sZdqu8=,FALSE,vip_891,FALSE,TRUE,vip,VIP,891,
892,pbkdf2_sha256$390000$Rd0scfcAkVNSrZXBMvcreU$v+C2L91avAb0lQd8a4+xbwf6LQ5iywBqt/FB7sZdqu8=,FALSE,vip_892,FALSE,TRUE,vip,VIP,892,
893,pbkdf2_sha256$390000$Rd0scfcAkVNSrZXBMvcreU$v+C2L91avAb0lQd8a4+xbwf6LQ5iywBqt/FB7sZdqu8=,FALSE,vip_893,FALSE,TRUE,vip,VIP,893,
894,pbkdf2_sha256$390000$Rd0scfcAkVNSrZXBMvcreU$v+C2L91avAb0lQd8a4+xbwf6LQ5iywBqt/FB7sZdqu8=,FALSE,vip_894,FALSE,TRUE,vip,VIP,894,
895,pbkdf2_sha256$390000$Rd0scfcAkVNSrZXBMvcreU$v+C2L91avAb0lQd8a4+xbwf6LQ5iywBqt/FB7sZdqu8=,FALSE,vip_895,FALSE,TRUE,vip,VIP,895,
896,pbkdf2_sha256$390000$Rd0scfcAkVNSrZXBMvcreU$v+C2L91avAb0lQd8a4+xbwf6LQ5iywBqt/FB7sZdqu8=,FALSE,vip_896,FALSE,TRUE,vip,VIP,896,
897,pbkdf2_sha256$390000$Rd0scfcAkVNSrZXBMvcreU$v+C2L91avAb0lQd8a4+xbwf6LQ5iywBqt/FB7sZdqu8=,FALSE,vip_897,FALSE,TRUE,vip,VIP,897,
898,pbkdf2_sha256$390000$Rd0scfcAkVNSrZXBMvcreU$v+C2L91avAb0lQd8a4+xbwf6LQ5iywBqt/FB7sZdqu8=,FALSE,vip_898,FALSE,TRUE,vip,VIP,898,
899,pbkdf2_sha256$390000$Rd0scfcAkVNSrZXBMvcreU$v+C2L91avAb0lQd8a4+xbwf6LQ5iywBqt/FB7sZdqu8=,FALSE,vip_899,FALSE,TRUE,vip,VIP,899,